product_id,title,price_eur,review_count,rating_stars
product_1,"Amazon Basics Verbindungskabel, USB Typ C auf Typ C, USB 2.0, 0,9 m, kompatible mit Laptop, Wei√ü",7.25,37810,4.6
product_2,"ZKAPOR USB C Kabel [2St√ºck 2M], Ladekabel USB C Schnellladekabel Nylon USB Kabel Typ C Kompatibel Mit iPhone 15/15 Pro Max, Samsung Galaxy S23/S22/S21/S10, Note 10, Huawei P40/P30, Google Pixel ‚ÄìGrau",6.04,3727,4.6
product_3,"UGREEN USB C auf USB C Kabel 60W PD 3.0, PPS USB-C Ladekabel kompatibel mit iPhone 15 Pro Max Galaxy S23 S22 S21 A54 A34 A14 MacBook Air M2 iPad Pro 12.9 iPad Air 5/Mini 6, Pixel 7 Pro usw. (1M)",4.63,26040,4.6
product_4,"RAVIAD USB Typ C Kabel, [4Pack 0.5M 1M 2M 3M] Nylon Typ C Ladekabel und Datenkabel USB C Schnellladekabel f√ºr Samsung Galaxy S10/S9/S8+, Huawei P30/P20, Google Pixel, Sony Xperia XZ, OnePlus 6T",7.61,19798,4.6
product_5,"INIU USB C Kabel, 100W [2m] 5A PD QC 4.0 Schnellladekabel USB C auf USB C Kabel, Nylon Geflochten Ladekabel USB C Ladeger√§t f√ºr iPhone 15 Samsung S21 Note 10 iPad MacBook Tablets",7.64,21995,4.7
product_6,"NIMASO USB C auf USB C Kabel 1M,USB Typ C 100W 20V/5A PD Schnellladekabel mit E-Mark Chip Ladekabel und Datenkabel f√ºr Macbook Pro,MacBook Air,iPad Pro,ChromeBook Pixel, Samsung Galaxy S23/S22/S21",6.43,28627,4.6
product_7,"Amazon Basics USB Typ C auf USB A 2.0 Kabel - 2,7 Meter, Wei√ü, kompatible mit Laptop",13.26,86563,4.6
product_8,"USB C Kabel 3 Pack1.8M Ladekabel USB C Schnellladekabel QC 3.0 USB Typ C Kabel Kompatibel Samsung Galaxy S23 S22 S21 S20,Note 10/9/8,Huawei,HTC,LG,Sony Xperia, Moto, Google Pixel",7.78,239,4.6
product_9,"ANKER USB C Kabel, 310 USB C (0,9m), (60W/3A) Ladekabel Schnellladen f√ºr Samsung Galaxy S22, iPad Pro 2021, iPad Mini 6, iPad Air 4, MacBook Pro 2020, Switch (USB 2.0)",5.59,2859,4.7
product_10,"Baseus USB C auf USB C Kabel 100W, PD 5A QC 4.0 Schnellladung USB C Ladekabel, Zinklegierung Typ C Kabel f√ºr MacBook Pro iPad Air Mini Samsung Galaxy S23 S22 S21 S20, Steam Deck",8.49,4361,4.6
product_11,"UGREEN 100W USB C auf USB C Kabel 2 St√ºck PD3.0 QC 4.0/4.0+ USB-C Ladekabel 5A/20V kompatibel mit 2022 MacBook Pro M2, 2022 MacBook Air M2, iPad Pro 2021, Galaxy S22 S21 S20 Steam Deck usw. (2M)",10.94,3557,4.7
product_12,"Anker 333 USB C auf USB C Ladekabel, 1.8m, Doppelpack,100W USB 2.0 Typ C Kabel, Schnellladeleistung geeignet f√ºr MacBook Pro 2020, iPad Pro 2020, iPad Air 4, Galaxy S21, Pixel, Switch, LG, und mehr",9.99,9619,4.7
product_13,"LISEN 240W USB C auf USB C Kabel, 3 St√ºck [1M+2M+2M] Schnellladekabel USB C Ladekabel, Nylon-Geflecht Ladekabel USB-C f√ºr iPhone15/pro, iPad Air/Pro/Mini, MacBook Pro/Air, Samsung Galaxy, Laptops",16.13,117,4.7
product_14,"Anker Powerline III USB C auf Kabel, 90cm langes blitzschnelles Ladekabel mit 60W Power Delivery PD f√ºr iPad Mini 6. Gen, MacBook, iPad Pro 2020, Galaxy S21 S10 S9 Plus, Pixel, Smartphone usw.",6.5,3351,4.7
product_15,"NIMASO USB C auf USB C Kabel [3-Pack/0.3M+1M+2M],USB Typ C PD Ladekabel 60W 20V/3A f√ºr Galaxy S23 S22 S21 A53,Note 10,Huawei P30 P20,Google Pixel 3a/3a XL,iPad Pro 2021/2020/2018,MacBook Pro,iPhone 15",10.99,11992,4.6
product_16,UGREEN Kabel 2 St√ºck USB auf USB C Ladekabel Nylon Geflochten Schnellladekabel kompatibel mit S23 S22 S21 S10 A73 A72 A53 Tab S6 Lite Huawei P30 Lite Mi 10 iPhone 15 Pro15 Pro Max (1M),8.3,3053,4.6
product_17,AINOPE USB C auf USB C Kabel 60W 2 St√ºck PD 3.0 2M+2M Schnellladung Ladekabel haltbare Nylon USB C zu USB C Kabel f√ºr iPhone 15 Pro max Samsung S23 S22 Note 20 iPad Pro Air mini Macbook Pixel,8.05,17392,4.6
product_18,"LISEN USB C auf USB C Kabel [4er Pack, 0,5M 1M 1M 2M], 60W PD 3.0 Schnellladekabel USB C Kabel, Ladekabel USB C f√ºr iPhone 15 Pro Max Plus, Samsung Galaxy S23, iPad, Tab, Mi, Xiaomi, Huawei, OnePlus",10.07,436,4.5
product_19,"ZKAPOR USB C Kabel Kurz 30CM, Schnellladekabel USB C 3A Nylon Geflochtenes USB Kabel Typ C Kompatibel Mit iPhone 15/15 Pro Max, Samsung Galaxy S23/S22/S21/S10, Note 10, Huawei P40/P30, Google Pixel‚Äã",3.99,2504,4.6
product_20,"LISEN USB C auf USB C Kabel [4er Pack, 0,5M 1M 1M 2M], 60W PD 3.0 Schnellladekabel USB C Kabel, Ladekabel USB C f√ºr iPhone 15 Pro Max Plus, Samsung Galaxy S23, iPad, Tab, Mi, Xiaomi, Huawei, OnePlus",10.07,436,4.5
product_21,"INIU USB C Kabel, Ladekabel USB C [3 St√ºck/0,5+2+2m] Typ C 3.1A Schnellladekabel, Nylon USB A auf USB-C Handy Datenkabel f√ºr Samsung S22 Ultra S21 S10 Google Pixel 7 Pro iPad Air Xiaomi PS5 usw.",10.07,31006,4.6
product_22,"USB C Kabel RAMPOW, iPhone 15 ladekabel, 3A Schnellladekabel USB C USB 3.0 & QC 3.0, Ladekabel USB C, Datenkabel USB-C f√ºr iPhone 15/15 Pro, Samsung Galaxy S22/S21/S20/Note10-1M/Grau, Nylon",5.09,29939,4.6
product_23,"KabelDirekt ‚Äì flexibles USB C Kabel zum Schnellladen, USB 2.0 ‚Äì 1 m (l√§dt Handys/Laptops mit 100W dank Power Delivery 3, ist h√∂chst biegsam und robust, funktioniert als Ladekabel/Datenkabel, Wei√ü)",8.05,300,4.3
product_24,"KabelDirekt ‚Äì 8K USB C Kabel All-in-One, USB 4, offiziell USB-zertifiziert ‚Äì 1 m (√ºbertr√§gt Daten und Video mit 40Gbit/s, l√§dt mit 100W, funktioniert als Datenkabel/Ladekabel/Monitorkabel, Schwarz)",26.21,186,4.5
product_25,"AINOPE USB C Kabel, 2 St√ºck Ladekabel USB C, 3.1A Ladekabel Samsung Schnellladekabel [2M+2M] Nylon f√ºr Galaxy S22 S21 S20 S10 S9 S8 Plus, Note 10/9/8, A3 A5 A7, LG V30/V20/G5/G6, Huawei P30 P20 P10",8.05,88296,4.6
product_26,"USB-C to USB-C 3.1 Gen2 Cable 10Gbps Data Transfer, 100W 20V/5A 3.3ft USB Type C PD Fast Charging Cable 4K Video Output Compatible with Thunderbolt 3, MacBook Pro, Galaxy S21 1M, Smartphone",11.99,1413,4.4
product_27,"USB C Kabel RAMPOW, iPhone 15 ladekabel, 3A Schnellladekabel USB C USB 3.0 & QC 3.0, Ladekabel USB C, Datenkabel USB-C f√ºr iPhone 15/15 Pro, Samsung Galaxy S22/S21/S20/Note10-1M/Grau, Nylon",6.99,29939,4.6
product_28,"Anker USB C Kabel, [2er Set, 90cm]310 USB A auf USB C Ladekabel, USB A auf Typ C Kabel Schnellladekabel f√ºr Samsung Galaxy Note 10 Note 9/S10+ S10, LG V30 (USB 2.0, schwarz), kompatible mit Smartphone",5.64,5250,4.7
product_29,"CableCreation USB C Festplattenkabel, 5Gbps USB A/C auf Micro B Kabel, USB 3.0 Kabel kompatibel mit WD, Externe Festplatten und Kameras (1.2m)",18.14,5,4.7
product_30,"RAVIAD USB Typ C Kabel, USB C Ladekabel 1M QC 3.0 USB 3.0 Schnelles Aufladen und Synchronisation USB C Kabel Kompatibel f√ºr Samsung Galaxy S23/S22/S10/S9/S8, Huawei P50, Sony XZ, Google, OnePlus",5.14,20695,4.6
product_31,"USB C auf USB C Kabel [3 Pack, 0.5M+1M+2M] 60W 20V/3A,USB Typ C PD Ladekabel Nylon f√ºr iPad Air, iPad Pro, iPad Mini 6, MacBook Pro/Air, Samsung Galaxy S22 S21 S20 Galaxy Tab, Fire Tablets, Xiaomi",9.06,1957,4.7
product_32,"USB C Kabel 2St√ºck 1.8M 60W USB C auf USB C Schnellladekabel F√ºr iPhone 15/15Pro/15ProMax,Samsung S23/S22/S21 Serie, Huawei P50 P40 P30 Typ-C-Ger√§ten usw",6.95,64,4.7
product_33,"JSAUX USB C Kabel 3,1A [2 St√ºck 2M], USB Typ C Ladekabel Schnellladung Kompatibel mit Samsung Galaxy S23 S22 S21 S20 S10 S9 S8 Plus, Note 20 10, A3 A5, LG G5 G6 V20, iPhone 15 Pro, Huawei P60 P50-Rot",7.55,29205,4.6
product_34,"UGREEN USB C Kabel USB C 60W 2 St√ºck PD 3,0 PPS USB C auf USB C Ladekabel 2 Pack kompatibel mit iPhone 15 Galaxy S23 S22 A54 Pixel 7 MacBook Air iPad Pro 12,9 iPad Mini 6/Air 5 Team Deck usw. (0.5M)",5.99,322,4.6
product_35,"BLACKSYNCZE USB C Kabel 3.1A Schnellladung, [3 St√ºck 1M+1M+2M] Ladekabel USB C 90 Grad Winkel Nylon Geflochtenes USB Typ C Kabel f√ºr Samsung S23 S22 S21 S20fe S10 S9 S8, Huawei P40 P30, Pixel 7, Grau",7.04,652,4.6
product_36,"60 W iPhone 15 USB C Ladekabel, 2 Pack [1M+2M] USB Typ C PD Ladekabel, USB C auf USB C Kabel f√ºr iPhone 15 Plus/Pro/Pro Max, MacBook Pro/Air, iPad Pro, Samsung, Pixel und mehr PD USB C Ladeger√§t",4.02,19,4.4
product_37,"Ocetea 100W USB C auf USB C Kabel, 1M 5A Schnellladekabel Ladekabel PD QC5.0 with LED Display, Kompatibel mit iPhone 15/15 Pro/15 Pro Max MacBook Pro Air iPad Pro Air Galaxy S23 S22 Pixel Switch",9.99,2077,4.4
product_38,"UGREEN USB C Kabel 100W 2 St√ºck Ladekabel USB C auf USB C 5A/20V PD 3.0 PPS kompatibel mit iPhone 15 Pro Max M2 MacBook Pro/Air, iPad Pro 12.9/Air 5 Galaxy S23 Ultra Pixel 7 Pro Steam Deck usw. (1m)",8.46,809,4.5
product_39,"Baseus USB C auf USB C Kabel 100W, 2M Ladekabel mit PD 3.0, PPS, QC 5.0/4.0+, Typ C Schnellladekabel, mit Tablet, f√ºr MacBook Air/Pro, iPad Pro 12.9/11/Air/Mini, Samsung Galaxy S22/21/20/Note20",8.87,3228,4.5
product_40,"3BAO USB C Kabel,[2 St√ºck 1M+2M ] USB Typ C Ladekabel Geflochten Schnellladekabel f√ºr Samsung Galaxy S20 10 9 8Plus,Note 10 9 8,LG G5 G6, Sony Xperia, Huawei P30 P20 Mate20, Google Pixel,Switch usw",4.99,4964,4.6
product_41,"240W USB C auf USB C Kabel, USB 3.2 Gen2 √ó 2 Typ C Ladekabel, 20 Gbps Daten√ºbertragung, PD 3.1 48V Schnell Ladekabel, 4K@60Hz Video√ºbertragung f√ºr Laptop, Mobiltelefon, Monitor, USB-C-Ger√§te (1M)",14.99,14,4.2
product_42,"AINOPE 240W USB C auf USB C Kabel, 3m USB C Kabel auf USB C Ladekabel, USB C Schnellladekabel, Typ C Ladekabel, Nylongeflecht kompatibel mit iPhone 15 pro, iPad, MacBook, Samsung, HUAWEI, Xiaomi",12.99,454,4.7
product_43,"Duttek Angle Typ C fast charging Cable 2M, 240w USB C Charger Cable, PD3.1 abw√§rtskompatibel mit 140W 100W Schnellladung f√ºr MacBook Pro/Air, iPad Pro/Air, Samsung S23/22/21, Pixel, Switch",13.09,13,3.8
product_44,"KabelDirekt ‚Äì flexibles USB C Kabel zum Schnellladen, USB 2.0 ‚Äì 1 m (l√§dt Handys/Laptops mit 100W dank Power Delivery 3, ist h√∂chst biegsam und robust, funktioniert als Ladekabel/Datenkabel, Schwarz)",8.05,300,4.3
product_45,"SUNGUY USB C auf USB C Kabel 100W 0,3M USB C Ladekabel PD schnelles Aufladen 20Gbit/s Daten√ºbertragung, kompatibel mit iPhone 15/15 Pro/15 Pro Max, MacBook Pro Air, Galaxy S23/S22/21",11.59,84,4.5
product_46,"UGREEN USB C Ladekabel, Nylon geflochtenes USB auf USB C Kabel kompatibel mit Galaxy S23 S22 S21 S20 A73 A72 A53 Huawei P30 Lite Redmi 10 Note 9 iPhone 15 Pro 15 Pro Max(0.5M)",6.74,18383,4.6
product_47,"INIU USB C Kabel, [3 St√ºck 0.5+1+3m] Typ C 3.1A Handy Schnellladekabel, Ladekabel USB-C Long Aufladekabel Nylon Datenkabel f√ºr iPhone 15 Pro Samsung Galaxy S22 iPad Pro Pixel 7 PS5 Tablet Switch usw",9.05,6892,4.5
product_48,"JSAUX 100W USB C auf USB C Kabel (2-St√ºck 2M+2M) 5A PD Ladekabel Schnellladekabel Kompatibel mit iPhone 15/15 Plus/15 Pro/15 Pro Max Samsung S23 S22 A53 MacBook Air M2, iPad Pro/Air/Mini 6 Pixel Rot",8.87,7184,4.6
product_49,"2er-Pack 25W Ladeger√§t USB C, Schnellladeger√§t PD 3.0 Ladestecker mit Schnellladekabel 1.8m Netzteil f√ºr Samsung Galaxy S23/S22/S21 Ultra/S21+/S20/Note20/S10/S9, iPhone 15 Pro Max Handy Ladeger√§te",19.67,1292,4.6
product_50,"RAVIAD USB C auf USB C Kabel Kurz [2 St√ºck 0.3M], 60W 20V/3A USB Typ C PD Ladekabel Schnellladekabel f√ºr Samsung Galaxy S23/S22, MacBook Air M2, Pad Pro/Air 5/Mini 6",5.64,1144,4.6
product_51,"USB C Kabel 2Pack 100W 5A iphone 15 Ladekabel USB C auf USB C Kabel 1.8M QC 4.0 USB C Ladekabel Kompatibel mit Apple iPhone 15/Plus/15 Pro/15 Pro Max, Samsung S23 S22 S21 MacBook Pro/Air, Huawei",8.87,97,4.6
product_52,"LISEN 240W USB C auf USB C Kabel, 3 St√ºck [1M+2M+2M] Schnellladekabel USB C Ladekabel, Nylon-Geflecht Ladekabel USB-C f√ºr iPhone15/pro, iPad Air/Pro/Mini, MacBook Pro/Air, Samsung Galaxy, Laptops",16.13,117,4.7
product_53,"Anker 765 USB-C Kabel (140W 180cm), USB 2.0 Schnellladeleistung f√ºr MacBook Pro 2021, iPad Pro, iPad Air 4, Samsung Galaxy S21, Pixel, und mehr, mit Tablet",18.99,1042,4.6
product_54,"Amazon Basics Verbindungskabel, USB Typ C auf Typ C, USB 2.0, 0,9 m, kompatible mit Laptop, Wei√ü",7.25,37810,4.6
product_55,"USB C auf Typ C 100W Rechter Winkel Kabel 3M mit USB A Adapter,90 Grad Schnellladekabel PD Ladekabel f√ºr MacBook Mac Air 4 5 6,iPad Pro,Samsung Galaxy S23 Plus Ultra A54 M33 Tab S9 S8 A8,iPhone 15 Max",8.46,586,4.5
product_56,"USB C Kabel [5 St√ºck 0.25M 0.5M 1M 2M 3M] Ladekabel Typ C und Datenkabel Fast Charge Sync Schnellladekabel f√ºr Samsung Galaxy S10 S9 S8 Plus Note 10 9 8 A3 A5 2017, Huawei P10 P20 lite, HTC 10 U11",8.87,13539,4.5
product_57,"Anker New Nylon USB-C auf USB-C Ladekabel, 100W Typ-C Ladekabel 3m lang, Schnellladeleistung f√ºr MacBook Pro 2020, iPad Pro 2020, iPad Air 4, Galaxy S20 Plus S9, Pixel, Switch,LG V20 und mehr(Schwarz)",14.99,12368,4.8
product_58,"sweguard USB C Kabel 3.1A [2St√ºck 3m] Schnellladung, Ladekabel USB C Nylon Type C Kabel f√ºr Samsung Galaxy S23 S22 S21 S20 S10 Plus/Ultra/FE,iPhone 15 pro max,Note20,A72 A71 A52 A51 A50,M31 M30s M20",8.72,4316,4.6
product_59,"UGREEN USB C Ladekabel 100W USB C Kabel auf USB C 5A/20V PD 3.0 PPS kompatibel mit iPhone 15 Pro Max MacBook Pro/Air iPad Pro Galaxy S23 Ultra S23+ S22 A54 Pixel 7 Steam Deck usw. (2m, Space Grau)",7.75,6716,4.7
product_60,"BLACKSYNCZE USB C Kabel 3.1A [3St√ºck 2M] Schnellladung, USB Typ C Ladekabel Nylon Geflochten USB C Schnellladekabel f√ºr Samsung Galaxy S23 S22 S20fe S10, Note 20 10 9 8, Huawei P40 P30, Mate 30 20",6.44,1312,4.5
product_61,"Cable Matters 20G rechtwinkliges 1,8m USB C auf USB C Kabel, USB C 90 Grad Kabel 20 Gbps mit 240 W Ladeleistung in Schwarz - 1,8 m",13.7,1,4.0
product_62,"Anker USB-C auf USB-C Kabel (240W, 180cm) Typ-C Bio-Nylon Ladekabel, Schnellladekabel, Kompatibel mit MacBook Pro 2020, iPad Pro 2020, iPad Air 4, Samsung Galaxy S23+/S23 Ultra, Tablet, Pixel und mehr",14.99,1402,4.7
product_63,"uni USB-C Ladekabel 100W PD, 3m USB C auf USB C Geflochtenes Nylonkabel [5A], f√ºr iPhone 15/15 Plus/15 Pro, iPad Pro, Macbook Air/Pro, Surface Go/Pro, Galaxy S9/S8, Mate 20/10, P20 usw.",9.59,4457,4.6
product_64,"USB C Kabel 3 Pack1.8M Ladekabel USB C Schnellladekabel QC 3.0 USB Typ C Kabel Kompatibel Samsung Galaxy S23 S22 S21 S20,Note 10/9/8,Huawei,HTC,LG,Sony Xperia, Moto, Google Pixel",7.78,239,4.6
product_65,"Basesailor USB C Ladekabel 2M 2St√ºck,Nylon Typ C Datenkabel f√ºr New Kindle Paperwhite 11,iPad 10 11 Mini,iPhone 15 Pro Max,Moto G50 G30 G7 G9 Plus 5G,Samsung Galaxy S23,A32,A42,A53,A54,Car Auto Play",10.07,24027,4.6
product_66,"Ocetea 60W USB C auf USB C Kabel [2St√ºck 1M], USB Typ C PD Ladekabel 20V/3A USB C Schnellladekabel Kompatibel mit iPhone 15/15 Pro/15 Pro Max, MacBook Pro Air, iPad Pro Air, Galaxy S23 S22, Pixel",6.04,393,4.8
product_67,"Anker USB 4 Kabel 100cm, Unterst√ºtzt 8K HD Display, 40 Gbit/s Datentransfer, 240W USB-C auf USB-C Ladekabel, f√ºr Typ-C Laptops, Hub, Docking-Station, und mehr",36.29,440,4.8
product_68,"CAKOBLE USB C Kabel auf USB C 2M, USB 3.2 Gen2 √ó 2 Typ C ladekabel, 20 Gbps Daten√ºbertragung, 100W 20V/5A Schnellladekabel,4K @ 60Hz Video√ºbertragung f√ºr Laptop, Mobiltelefon, Monitor, USB-C-Ger√§te",12.99,601,4.5
product_69,Apple 240W USB‚ÄëC Ladekabel (2¬†m) ‚Äã‚Äã‚Äã‚Äã‚Äã‚Äã‚Äã,30.24,45,4.6
product_70,"INIU 240W USB C Kabel 2m, 2 Pack PD3.1 Ladekabel USB C auf USB C Kabel, Schnellladekabel USB C f√ºr iPhone 15 MacBook Pro iPad Air, Dell HP Gaming Laptop, Samsung Galaxy S22 S23 Ultra, Steam Deck usw.",17.63,115,4.8
product_71,"Duttek Angle USB C fast charging Cable 1M, 240w Charger Cord Type C, PD3.1 abw√§rtskompatibel mit 140W 100W Schnellladung f√ºr MacBook Pro/Air, iPad Pro/Air, Samsung S23/22/21, Pixel, Switch",9.08,13,3.8
product_72,"Anker Premium 180 cm langes doppelt-geflochtenes Nylon USB-C auf USB-A Kabel (2er Pack), f√ºr Samsung Galaxy S9 / S9+ / S8 / S8+ / Note 8, LG V20 / G5 / G6 und viele mehr(Schwarz)",10.07,82896,4.7
product_73,"UGREEN USB C USB C Ladekabel 100W Doppelte Winkelstecker PD 3.0 PPS USB-C Kabel 90 Grad 5A/20V kompatibel mit iPhone 15 Pro Max, M2 MacBook Pro/Air iPad Pro 2021 iPad Air 5 Galaxy S23 A54 usw. (0.5m)",8.24,4017,4.6
product_74,"UGREEN 240W USB-C auf USB-C Ladekabel Power Delivery 3.1 abw√§rtskompatibel mit 140W kompatibel mit iPhone 15 Pro Max, MacBook Pro M2, MacBook Air M2, Gaming Laptop iPad Pro, Galaxy S23 Ultra usw. (2M)",13.4,966,4.7
product_75,"USB C Kabel, [3St√ºck 2M] Ladekabel USB C Fast Charge Schnellladekabel Typ C Ladekabel f√ºr Samsung Galaxy S22 S21 S20 S10 S9 S8 Plus, Note 10 9 8, A71 A53 A33 A20 usw‚Ä¶",7.99,733,4.6
product_76,"UGREEN PD 3.1 140W Ladekabel USB C auf USB C 1M USB 3.2 10 Gbps USB C Kabel 4K Medienanzeigen kompatibel mit iPhone 15 Pro Max, 2023 MacBook Pro M2, iPad Pro/Air 5/Mini 6, Galaxy S23 Ultra Tab S8 usw.",14.11,584,4.6
product_77,"JAMEGA ‚Äì 1m USB Typ C Kabel Gr√ºn | 3A Nylon geflochten USB C Ladekabel und Datenkabel Fast Charge Snyc schnellladekabel kompatibel mit Samsung Galaxy S10/S9/S8+, Sony Xperia XZ, Huawei P30/P20",7.86,27,4.0
product_78,"USB C Kabel, [2 St√ºck 2M] Nylon Fast Charge Schnellladekabel Typ C Ladekabel f√ºr Samsung Galaxy S22 S21 S20 S10 A13 A14 A21 A40 A53 A54, Google Pixel, Motorolo, Nokia, Xiaomi Redmi",5.44,718,4.6
product_79,"sweguard USB C Kabel 3.1A [2St√ºck 2m] Schnellladung, Ladekabel USB C Nylon Type C Kabel f√ºr Samsung Galaxy S23 S22 S21 S20 S10 Plus/Ultra/FE,iPhone 15 Pro Max,Note20,A72 A71 A52 A51 A50,M31 M30s M20",8.24,10256,4.6
product_80,"UGREEN USB C Verl√§ngerung USB Typ C 3.1 Gen 2 USB-C Verl√§ngerungskabel 100W/4K 60Hz kompatibel mit iPhone 15 Pro Max, M2 MacBook Pro/Air XPS 15 Galaxy S23 S22 Steam Deck Switch Konsolen usw. (1m)",13.61,4864,4.6
product_81,"enablink USB C auf USB C Kabel, PD 100W USB C Kabel USB C Schnellladekabel LED Display QC 4.0 5A Nylon Typ C Ladekabel f√ºr MacBook Pro iPad Pro 2020 Samsung S21 Dell Pixel XPS Huawei (2M, Schwarz)",17.99,446,4.4
product_82,"CableCreation USB C auf USB C Kabel 50cm, USB 3.2 Gen2 10Gbps, Unterst√ºtzung 4K Video Output, 100W USB C Ladekabel f√ºr Android Auto USB C Externe SSD MacBook iPad, Galaxy S23, etc,0,5m/1.6ft",16.13,43,4.6
product_83,"Anker PowerLine III Flow, USB-C Ladekabel 100W 180cm, Typ-C Kabel, Kompatibel mit MacBook Pro 2020, iPad Pro, iPad Air, Galaxy S20, Pixel, Switch, LG (in Nachtschwarz), kompatibel mit Smartphone",18.99,10476,4.7
product_84,"conecto, USB-C auf USB-C Daten und Lade-Kabel, USB 4, Gen 3, Schnellladefunktion, E-Marker, 5A/100W, 40GB/s, 8K 60Hz, Abw√§rtskompatibel, Aluminium Geh√§use, PVC Mantel, schwarz, 0,13m",16.8,31,4.6
product_85,"MAMBASNAKE C01 Spiral Tastaturkabel, Pro Custom Coiled USB C Kabel f√ºr Mechanische Tastatur, Typ C auf USB-A mit Abnehmbarem Metall Luftfahrtstecker,TPU f√ºr Gaming Tastatur PC Mac Computer-Wei√ü",18.14,395,4.4
product_86,"huaham USB A bis USB C -Kabel [3pack, 1m 1,8 m und 3M] 3.1A -Ladeger√§t Cable Fast Ladekabel Rechtwinkel, langlebiger Nylon geflochtenes USB -C -Ladungskabel, das mit Galaxy LG kompatibel ist",7.7,140,4.3
product_87,"CAFELE 3 in 1 Einziehbares Ladekabel[100W/1,2M], PD QC 4,0 5A Schnellladekabel&Daten(Typ C) USB C Multi Ladekabel,TypC/Phone/Micro Multi USB C Kabel f√ºr ChroBook,Samsung Galaxy S23,Huawei,Pd Air2020",18.47,1361,3.7
product_88,"JAMEGA ‚Äì 1m USB Typ C Kabel Gold | 3A Nylon geflochten USB C Ladekabel und Datenkabel Fast Charge Snyc schnellladekabel kompatibel mit Samsung Galaxy S10/S9/S8+, Sony Xperia XZ, Huawei P30/P20",7.04,18,4.0
product_89,UGREEN USB C auf USB C Kabel 2 St√ºck 60W PD 3.0 PPS USB C Ladekabel 2 Pack kompatibel mit iPhone 15 Pro Max Galaxy S23 S22 A54 Pixel 7 MacBook Air iPad Pro 12.9 iPad Mini 6/Air 5 Tab S8 usw. (1M),9.82,2246,4.7
product_90,"Anker 240W USB-C auf USB-C Kabel(3 m), Schnellladekabel, Kompatibel mit iPhone 15, MacBook Pro 2020, iPad Pro 2020, iPad Air 4, Samsung Galaxy S23+/S23 Ultra, Pixel (Geflochten, USB 2.0)",12.99,33,4.8
product_91,"UGREEN 100W USB C auf USB C Kabel 5A/20V USB C Ladekabel PD 3.0 PPS kompatibel mit iPhone 15 Pro Max, M2 MacBook Pro/Air, iPad Pro 12.9 2021, Galaxy S23 Ultra S22+ A54 Tab S8 Steam Deck usw. (3M)",12.85,1290,4.7
product_92,"Amazon Basics Verbindungskabel, USB-C auf USB-A, 3.1-Standard der 1. Generation, doppelt geflochtenes Nylon, 1,8 m, Silberfarben",11.76,14109,4.6
product_93,"Basesailor Micro USB Kabel 6M 2-St√ºck,Lang 20 FT Flach Ladekabel Power Stromkabel f√ºr Neos Smartcam,Yi Cam,Nest Cam,Blink XT XT2 Indoor Outdoor 3rd Gen Camera,Arlo Q,Wyze,Netvue,Xbox One Wyze 5 7",16.13,751,4.6
product_94,"USB C Verl√§ngerungs Kabel 2M, JSAUX Type C 3.2 Verl√§ngerung Unterst√ºtzt 10Gpbs 100W und 4K@60Hz Video√ºbertragung Kompatibel mit iPhone 15 Pro, MacBook Pro/Air, iPad Pro, XPS 15/13, Samsung S22/S21",12.1,1059,4.6
product_95,"Rocoren USB C Kabel 3A [5-Pack 3M+2M+1.5M+1M+0.5M] USB A auf USB C Schnellladekabel Nylon Type C Datenkabel f√ºr Samsung, iPad, Google Pixel, Powerbanks, Game Controllers, Android-Telefon",11.28,35,4.7
product_96,"Elexlinco Thunderbolt 4 Kabel 200cm Lang, Unterstutzt bis zu 8K Display/40Gbps Datentransfer, 100W USB-C auf USB-C Ladekabel, Kompatibel mit MacBooks,Studio Display,iPad Pro,Hubs,Docks und Mehr",15.12,16,3.8
product_97,Apple USB‚ÄëC Gewebtes Ladekabel (1¬†m) ‚Äã‚Äã‚Äã‚Äã‚Äã‚Äã‚Äã,23.09,163,4.5
product_98,AINOPE USB C auf USB C Kabel 3m 100W USB C Schnellladekabel Rechtwinklig Nylon Geflochtenes Ladekabel f√ºr iPhone 15 Pro max MacBook Air Pro 13 15 iPad Pro 12.9 11 Air Mini Samsung S23/22/21,8.62,10845,4.6
product_99,IVIVTOR USB C Magnetic AdapterÔºå24-Pin 40gb/S Data Transfer and 8k@60hz Video Output C Magnetic Adapter with 100w Fast Charging Support for MacBook Pro and USB C Devices(1 Pack),8.05,46,3.7
product_100,"Lenovo USB-C Cable 1m, 4X90U90619, Komaptibel mit Monitor",17.49,322,4.6
product_101,"QIANRENON 240W USB4.0 C PD Schnelllade Kurzes Kabel 40Gbps USB Type C Stecker auf Stecker Flachdaten Kurzkabel 8K@60Hz Audio/Video, 48V/5A Aufladen, f√ºr Smartphone Power Bank Laptop Tablet,13cm/5.1in",14.51,11,4.9
product_102,"Zertifiziert 240W USB4 Kabel und Thunderbolt 4 Kabel, 40Gbps USB C Datenkabel, PD 3.1 140W 240W Ladekabel, 8K60Hz 4K144Hz HDR Video USB C Kabel f√ºr MacBook M1 M2, Mac mini, SSD, Docking Station (2M)",19.99,33,4.6
product_103,"Duttek USB C right angle fast charging Cable 2M, 240w Type C Charger, PD3.1 abw√§rtskompatibel mit 140W 100W Schnellladung f√ºr MacBook Pro/Air, iPad Pro/Air, Samsung S23/22/21, Pixel, Switch",13.62,13,3.8
product_104,"Zertifiziert 240W USB C auf USB C Kabel, Flexibel 20Gbps USB 3.2 Gen2x2 Datenkabel, PD 3.1 140W Ladekabel, 5K 4K@60Hz/144Hz HDR Videokabel f√ºr iPhone 15, MacBook iPad Galaxy S23/S22, OTG, Monitor (1m)",14.99,175,4.5
product_105,"sweguard USB C Kabel 3.1A [3St√ºck 1m+2m+3m] Schnellladung, Ladekabel USB C Nylon Type C Kabel f√ºr Samsung Galaxy S22 S21 S20 S10 S9 S8 Plus/Ultra/FE,Note 10/9/8,A71 A53 A52 A51 A33 A22 A12, Mi9/8",13.99,1318,4.6
product_106,"240W USB C auf USB C Kabel 1,5M, 20Gbps Daten√ºbertragung USB 3.2 Gen2 √ó 2 Typ C ladekabel 4K 60Hz Video√ºbertragung PD3.1 Schnellladekabel f√ºr iPhone 15 Pro/Laptop/Monitor/Samsung S23 S22 S21",14.99,23,4.5
product_107,"Rechtwinklig 100W USB C auf USB C Kabel, 90¬∞ Design 20Gbps USB 3.2 Gen2√ó2 Typ C Ladekabel Unterst√ºtzt 4K@60Hz Video√ºbertragung, 20Gbps Daten√ºbertragung, 100W PD Schnellladekabel f√ºr USB C Ger√§te(0,5M)",10.27,204,4.4
product_108,"Silkland USB C auf USB C Kabel 2M, 240W 48V 5A USB-C Kabel PD 3.1 QC4.0, Schnellladekabel USB-C 140W 100W f√ºr iPhone15 Pro Max, MacBook Pro/Air, Laptops, iPad Pro/Air, Samsung S23 Ultra S22, Pixel",9.06,926,4.6
product_109,"1er-Pack 3 m Multi-Schnell-Ladekabel, mehrere Ladekabel, Nylon geflochten, 3-in-1 USB-Ladekabel mit Handy/Typ/C/Micro-USB-Anschluss f√ºr Handy/Galaxy S10/S9/S8/S7/Huawei/LG/Pixel und mehr grau (Gray)",11.09,243,4.1
product_110,USB C Verl√§ngerungskabel (1m/3.3FT) Belkertech USB3.2(10Gbit/s) Typ C Stecker-Buchse Verl√§ngerung 5A Laden f√ºr MacBook Pro 2021 M1 Pro M1Max i Pad air 5/Galaxy S22/S21/Note20 Pixel 7 Dell XPS Grau,10.64,4808,4.6
product_111,"Native Union Type-C Belt Kabel Pro - 240 W USB-C auf USB-C 2.4m Ultrastarkes Ladekabel kompatibel mit iPhone 15, 15 Pro Max, MacBook Pro 14""/16"" M2, Air 15"" M2, iPad Pro (Kraft)",29.99,627,4.3
product_112,"Cable Matters [USB-IF zertifiziertes] 10 Gbps USB C Gen 2 Kabel (USB C Kabel 1m, USB Typ C Kabel) mit 8K 60Hz Video und 100W PD Aufladung in Schwarz - 1 Meter",14.11,1108,4.5
product_113,"Belkin¬†BoostCharge¬†Pro Flex geflochtenes 1-m-USB-C/USB-C-Kabel, USB-IF-zertifiziert zum Schnellladen mit Power Delivery f√ºr MacBook¬†Pro, iPad¬†Pro, Galaxy¬†S22, Ultra, Plus usw.¬†‚Äì Schwarz/Wei√ü, 2er-Pack",30.24,33,4.8
product_114,"HOTNOW USB C auf USB C Kabel, rechtwinklig 50cm 3 St√ºck, 0,5M PD 60W Typ C Schnellladekabel Kompatibel mit Samsung Galaxy‚ÄÇS21/S21+/S20+ Ultra Note 20, Pixel 4/3 XL, MacBook Air iPad Pro 2020",6.44,473,4.4
product_115,"VAFOTON 9Pin USB C Magnet Ladekabel 2M, 360¬∞&180¬∞, PD60W Schnellladung, 6 in 1 USB C/A auf Typ C Magnetkabel f√ºr Typ C/Micro USB/i-Products/Galaxy S22/S23/S23 Ultra/MaBook/PadPro",12.79,406,4.2
product_116,"QIANRENON 40Gbps USB C Kurze Kabel USB4.0 Type C Stecker zu Stecker Flexibles Flachkabel 100W 8K Video integrierter E-Mark-Chip Schnellladung Daten√ºbertragung HD-Video 13 cm/5,1 in",14.51,51,4.4
product_117,"VAFOTON 9Pin 60W USB C Magnet Ladekabel 2St√ºck [2M+1M], 360¬∞&180¬∞ Magnetisches Schnellladung, 6 in 1 USB C/A auf Typ C Magnetkabel f√ºr Typ C/Micro USB/i-Products Laptop, Tablet, Smartphone",20.16,202,4.3
product_118,"Jabra PanaCast 50 USB C to USB A Cable, 5 m - USB Cable 2.0 for PanaCast 50 Video Bar to Computer Connection - USB Type A Cable with Simple Plug & Play",46.38,3,4.2
product_119,"PAXO 5m USB C auf USB C Kabel, 10 Gbit/s, USB 3.2 Gen2, USB Typ C Ladekabel und Datenkabel, schwarz",5.49,246,4.5
product_120,"ConnBull Thunderbolt 4 Kabel 1m, USB C Thunderbolt Kabel √úbertragungsrate 40Gbps/ 8K@60Hz Display/ 100W Ladung f√ºr iPhone 15 Pro/Max Macbook Air/Pro M1 M2, Mac Studio, Studio Display usw",20.16,78,4.7
product_121,"USB C auf USB C Kabel kurz, mytysun USB 3.2 Gen 2 Schnellladekabel, unterst√ºtzt 5A/100W Schnellladung, 10Gbps Daten√ºbertragung, Thunderbolt 3 kompatibel f√ºr MacBook Pro, iPad Pro",14.18,963,4.3
product_122,"128W USB C Ladeger√§t, 3-Port PD 3.0/QC 4.0 Schnellladeger√§t GaN Netzteil 65W USB C Ladeger√§t Mehrfach Kompatibel mit MacBook Pro/Air, ThinkPad, Dell XPS,i Pad Pro, iPhone 15/14/13, Galaxy S23/S22, usw",28.76,83,4.4
product_123,AUFU Magnet Ladekabel 100W [1.8+1.8M]Ôºå9Pin Schnellladen Magnetisches Ladekabel PD3.0 QC 4.0/4.0+ USB C Ladekabel Magnetisch 20V/5A Magnet Datenkabel kompatibel mit Tablet,23.39,163,4.1
product_124,"FIBBR Glasfaser USB A auf USB C Kabel 10M, 10Gbps Datenfern√ºbertragung USB 3.2 AOC f√ºr VR/AR, Webcam, Kamera, Laptop, Mini-PC, Drucker und Mehr",98.49,7,4.8
product_125,"Duttek USB C zu USB C fast charging Cable 1M, 240w USB C Ladekabel, PD3.1 abw√§rtskompatibel mit 140W 100W Fast Charging f√ºr MacBook Pro/Air, iPad Pro/Air, Samsung S23/22/21, Pixel, Switch",9.42,13,3.8
product_126,"CAFELE Ladekabel 3 in 1 Schnellladekabel„Äê2023 Innvotive Einziehbare„Äë,100W USB C Multi Ladekabel,30-110CM Einziehbare Kabel mit Typ C(100W)/IP(10W)/Micro(10W) f√ºr Tablet/Pad/Handy/Phone 15 /Samsung",17.14,37,4.0
product_127,CableDeconn USB4 8K 1.2m Cable M/M USB-C Compatible with Thunderbolt 4 8K@30Hz 5K@60Hz 4K@120Hz Video 40Gbps Data Transmissions Rate 20V 5A 100W Power Delivery Cable 1 Bend 1 Straight,21.99,589,4.4
product_128,"CAKOBLE USB C Verl√§ngerung 1M 20Gbps 100W/5A, USB C Buchse auf USB Stecker USB C Kabel Verl√§ngerung Unterst√ºtzt USB 3.2 Gen2,USB 3.1, USB 3.0, 4K@60Hz Kompatibel USB C Hub/MacBook/USB C ladeger√§t",10.99,302,4.3
product_129,"USB C Kabel 2St√ºck 1.8M 60W USB C auf USB C Schnellladekabel F√ºr iPhone 15/15Pro/15ProMax,Samsung S23/S22/S21 Serie, Huawei P50 P40 P30 Typ-C-Ger√§ten usw",6.95,64,4.7
product_130,"aceyoon USB C Winkel Kabel 90 Grad 4 St√ºck, 0.3m+0.5m+1m+2m USB Typ C Schnellladekabel Nylon Geflochtenes f√ºr Galaxy S22 S21 S20 S10, Huawei P40 P30 P20, Google Pixel, Sony, OnePlus, LG",10.07,1006,4.5
product_131,"SUNGUY USB Typ C auf USB 3.1 Gen 2 Kabel 30cm, 10 Gbps Datenkabel und 3A Ladekabel Kompatibel mit Samsung Galaxy S21, SSD, Android Auto-Grau",6.28,1746,4.6
product_132,CableDeconn USB4 8K 1.2m Cable M/M USB-C Compatible with Thunderbolt 4 8K@30Hz 5K@60Hz 4K@120Hz Video 40Gbps Data Transmissions Rate 20V 5A 100W Power Delivery Cable 1 Bend 1 Straight,21.99,589,4.4
product_133,Treedix USB Kabel Datendraht Test Board USB LineCable Tester USB Kabel Checker Datendraht Aufladen Test Board f√ºr Typ A Typ B Typ C Micro B Mini B Blitz,15.99,12,4.4
product_134,"USB C Kabel, [5 Pack 11223m] Nylon Typ C 3A USB C Ladekabel und Datenkabel Fast Charge f√ºr Samsung Galaxy S10/S9/S8+, Huawei P30,OnePlus",21.59,2120,4.4
product_135,"Twozoh USB C Tastatur Spiralkabel, Geflochtenes abnehmbares Aviator Doppel h√ºlse Type C mechanisches Tastatur Kabel (Wei√ü)",19.15,214,4.1
product_136,"Duttek Typ C zu Typ C fast charging Cable 2M, 240w USB C zu C Kabel, PD3.1 abw√§rtskompatibel mit 140W 100W Fast Charging f√ºr MacBook Pro/Air, iPad Pro/Air, Samsung S23/22/21, Pixel, Switch",12.89,13,3.8
product_137,"CAKOBLE USB C Kabel auf USB C 2 M,usb c 3.2 kabel 20 Gbps Daten√ºbertragung, 100W 20V/5A Schnellladekabel,4K @ 60Hz Video√ºbertragung f√ºr Laptop, Mobiltelefon, Tablet, Hub, Monitor,Wei√ü",12.99,57,4.6
product_138,"USB C Hub, uni 8-in-1 USB C Dock mit abnehmbarem Kabel 90cm, Multiport von 4K@60Hz HDMI, 1Gbps LAN, 100W PD, 5Gpbs USB 3.0, Geeignet f√ºr Switch, iPad Pro, iMac, MacBook Pro/Air, Dell XPS, Galaxy usw.",50.0,2943,4.4
product_139,"Zertifiziert USB4 Kabel mit Thunderbolt 4 Kabel, Unterst√ºtzt 40Gbps USB C Datenkabel, PD 3.1 240W 140W Ladekabel, 8K 60Hz 4K 120Hz HDR Video f√ºr Dockingstation, SSD, Laptop, Monitor, Hub (1,2M)",14.39,144,4.6
product_140,"Minlu 100W Einziehbares USB C auf USB C Ladekabel 5A, 2Pack 1,2m Typ C auf USB C Ladekabel Typ C Ladekabel Schnellladung f√ºr MacBook Pro 2021 iPad Pro 2021 Galaxy Ultra S23 S22 S21 Pixel Switch Huawei",19.23,327,4.4
product_141,"Silkland USB4 Thunderbolt 4 Kabel 1.5m, 40Gbps Datenkabel, 240W 48V/5A PD3.1 Ladekabel, 8K@60Hz HDR, USB-C zu USB-C Kabel f√ºr MacBook, iPad Pro, iMac, Laptop, Hub, Dock, SSD, Monitor",24.19,199,4.6
product_142,"USB Typ C Kabel 2M, 2Pack iPhone 15 Pro Ladekabel Lang, USB C auf USB C Schnellladekabel, Fast Charging Cable for Apple iPhone 15/15 Plus/15 Pro Max,iPad Pro/Air/Mini,Samsung S23 Ultra/S22/S21",11.28,109,4.6
product_143,"ConnBull Thunderbolt 4 Verl√§ngerungskabel, USB C Stecker auf Buchse Schnellladekabel, 40Gbps TB4 Datenkabel, Kompatibel mit Switch, MacBook - 0,8M",22.99,199,4.5
product_144,"JSAUX USB C Kabel 3.1A USB-C Ladekabel [4 St√ºck 1M+1M+2M+3M] USB Typ-C Schnellladung Kompatibel mit Samsung Galaxy S22 S21 S20 S10 S9 S8 Note 20 10 9 8, A5 A7, LG G5 G6, Huawei Mate P30 P20 P10 Gr√ºn",11.14,2090,4.7
product_145,"CAFELE USB C 3 IN 1 Ladekabel Magnetisch 120CM,60W USB C Magnet Schnellladekabel&480Mbps Daten√ºbertragung,Magnet Ladeakbel mit USB C 60W/Phone 20W/Micro10W f√ºr Phone 15 Samsung Galaxy Pad Air/Pro",17.89,897,4.3
product_146,"CAFELE 3 in 1 Einziehbares Ladekabel[ùüÆùü¨-ùü≠ùüÆùü¨ùêÇùêå],5V/3A Sichere Schnell Aufrollbare Multi USB Kabel,Universal, Mehrfach Mit Typ C/MicroUSB/Phone f√ºr 14 13 Samsung Galaxy Huawei X1a0mi",11.21,1717,4.2
product_147,"KFD USB-C auf DC Stecker Kabel Ladeger√§t 100W USB-C Netzteil Netzkabel 1,0M 15 in 1 Ladekabel Stromkabel Adapterkabel f√ºr MacBook Pro 2020 2021, iPad Pro 2020, Pixel, Switch, LG, Handy Konverter Typ-C",20.16,37,4.4
product_148,"USB C Kabel f√ºr OnePlus 11 10T 5G, 125W SUPERVOOC Schnellladung USB C Kabel USB C auf USB C 2M, Super Flash Kabel Typ C f√ºr OnePlus Nord 3 2 2T Nord CE 3 Lite 10 Pro Pad OPPO Find Realme, 2 St√ºck",12.9,7,4.4
product_149,"100W USB C zu Multi Ladekabel, QC 6A 2 in 1 USB A zu C PD Anschluss und geflochtenes 3-in-1-Schnellladekabel mit Typ C /Micro Anschl√ºssen, universeller Sync Ladeadapter f√ºr Laptop/Tablet/Telefon",23.79,301,3.8
product_150,"ADILIFT USB C Kabel 2m 2Pack, USB Typ C Schnellladekabel 3A Nylon geflochten Langes USB A zu USB C Ladekabel f√ºr Samsung Galaxy S21 S20 S10 S9 S8, Note 10 9, Sony Xperia XZ, Huawei P30 P20, MacBook",8.05,207,4.5
product_151,"BolAAzuL Thunderbolt 3 USB C Kabel 70CM, 4K@60Hz USB-C auf USB-C 40 Gbps 100W Ladekabel kompatibel mit Dell, Leptops, iPad Pro 2020, Pixel, Hub Docking und Mehr",20.16,11,4.4
product_152,"QIANRENON Dual USB C Gewinde Eingebettet Einbau Wasserdichte Kabel Adapter 10Gbps 2 USB C 3.1 Stecker auf Buchse Panel Montage Verl√§ngerungskabel,Unterst√ºtzt 4K@60Hz Audio/Video√ºbertragung,1M/3.3ft",20.96,3,5.0
product_153,"CABLETEX 5m Link Kabel kompatibel mit Meta Quest 3, Oculus Quest 2, PICO 4, PSVR2, USB 3.2, USB C - Virtual Reality Kabel Gaming Deluxe Aluminium Version",40.31,43,4.4
product_154,"CSL - USB C Kabel, 100W 2m PD 5A Schnellladekabel Ladekabel USB C auf USB C Kabel, Nylon Geflochten QC 4.0 Typ C Datenkabel Handy Ladeger√§t kompatibel mit Samsung Galaxy S23, S22, MacBook Pro etc.",14.98,64,4.6
product_155,"USB C auf USB C Kabel, Flexibel 20Gbps 100W USB 3.2 Gen2x2 Datenkabel, PD 3.0 Schnell Ladekabel, 5K 4K@60Hz Videokabel f√ºr Laptop, Handy, Grafiktablett, Drohne, SSD OTG, Monitor, USB C Ger√§te (1m)",14.99,172,4.6
product_156,"WLGQ Geek USB-C-Schnittstellenkabel, industrieller Stil, USB 2.0 auf Typ C, Fl√ºssigsilikon, Schnellladekabel, USB-C-Schnittstelle, universal, Orange, 2 m",23.2,429,4.3
product_157,"uni USB C auf HDMI 2.1 Kabel [8K@60Hz, 4K@144Hz] 1.8m, Thunderbolt 4 zu HDMI Kabel mit HDCP 2.3, f√ºr HDR-Fernseher/Monitor, iPhone 15 Pro Max, Mac Studio, MacBook Pro/Air, iPad Pro, Surface Book 3",20.16,56,4.5
product_158,"LINKUP - USB 4.0 240W 40Gbps Typ-C Thunderbolt 3/4, 8K@60Hz Video, Robustes Geflochtenes Kabel - Kompatibel mit iPhone 15 Pro/Max MacBook Pro/Air iPad Pro Galaxy S23 Schnellladung (0.9m) Schwarz/Wei√ü",18.91,749,4.7
product_159,"USB C Kabel 120W 6A [2St√ºck 2m],Typ C Ladekabel f√ºr Xiaomi 13T Pro,USB Typ C Schnellladekabel 65W 6A Fast Charge Datenkabel LadeKabel f√ºr Mi 11 Ultra 12S Ultra 11T Redmi Note 11 11s 12 Pro Poco X5 Pro",12.99,603,4.7
product_160,"CAKOBLE USB C auf USB C Kabel 2M, 20Gbps USB C 3.2 USB 3.2 Gen2√ó2 Ladekabel USB C 4K@60Hz Video√ºbertragung, 100W Rechtwinklig USB C Kabel f√ºr MacBook Pro, Samsung Galaxy, xiaomi",12.99,172,4.2
product_161,USB C Ladekabel f√ºr Original Huawei 1.8M Laptop Tablet Notebook Datenkabel Schnellladekabel Huawei Matebook X Pro 16s 14s MatePad 11 Pro Mediapad Huawei p60 P50 P40 Honor 90 80 70 60 50 Magicbook,15.02,34,4.3
product_162,Feegar Gall GaN 65W USB C Ladeger√§t USB C Netzteil 3 Ports Charger PD Power Delivery Ladeger√§t mit PPS GaN Tech,32.99,8,3.7
product_163,"Tether Tools TetherPro USB-C auf USB-C rechtwinkliges Kabel | f√ºr Stromlieferung, schnelle √úbertragung und Verbindung zwischen Kamera und Computer | hohe Sichtbarkeit orange | 15 Fu√ü (4,6 m)",74.96,75,4.6
product_164,USB4 Verl√§ngerungskabel 240W Thunderblot 4 Verl√§ngerung 40Gpbs Datentransfer 8K@60Hz Video√ºbertragung PD3.1 Schnellladen USB C Stecker auf Buchse Kompatibel mit Samsung S22/S21/S20 MacBook Pro iPad,18.99,5,5.0
product_165,"Siwket USB C auf DisplayPort Kabel 2M, 8K@60Hz 30Hz 4K@240Hz 144Hz HDR VRR Thunderbolt 4 3 DP1.4 Kabel kompatibel mit MacBook Pro Air M1 M2 iPad Pro Air 5 Surface Pro 8 Galaxy S23 S22 Ultra",12.9,17,4.9
product_166,"USB C Hub, 120cm 6-in-1 USB C auf HDMI Adapter mit 4K-HDMI, 1 USB C Datenanschluss, 100W PD Schnellladung, 3 USB 3.0 5Gbps Anschl√ºsse, USB C Hub Multiport Adapter f√ºr MacBook Air/Pro(4ft)",20.16,511,4.4
product_167,"USB C Kabel 2M, 240W USB 3.2 Gen 20Gbps Daten√ºbertragung PD Schnelles Laden Typ-C Kabel,4K Video Monitor Kabel Kompatibel mit iPhone 15 Pro Max, MacBook Pro, Galaxy S23/S22,HUAWEI Tablet Laptop",11.09,2,5.0
product_168,"Rocoren 240W USB-C auf USB-C Ladekabel 3M Power Delivery PD 3.1 abw√§rtskompatibel mit 100W, 140W Kompatibel mit MacBook Pro 16‚Äù, iPad Pro, Samsung Galaxy, Chromebook, Surface Pro, Gaming Laptop",7.99,311,4.5
product_169,"USB C auf Lightning/USB-C Spiralkabel PD 27W/60W, MFi Zertifiziert Apple Carplay und Android Auto Kabel USB C mit Datensynchronisierung, USB C Lightning Kabel Kurz f√ºr iPhone/Pad/Android/Laptop",12.1,42,4.2
product_170,"USB C auf USB C und Lightning 2 in 1 Kabel Spiralkabel, f√ºr Apple CarPlay und Android Auto, f√ºr iPhone 15 14 13 12 11 Pro Max 8 7 X Serie/Android Handy/iPad/Laptop, 66W/ 27W Schnellladung mit Daten",12.1,5,4.5
product_171,"IVANKY USB C Verl√§ngerungskabel, USB Typ C Stecker auf Buchse Schnellladekabel, 10Gbps USB 3.1 Gen2 Datenkabel, Kompatibel mit Switch, MacBook - 0.5M",10.07,2129,4.5
product_172,"HOTNOW USB C auf Micro USB Kabel 0.5m 2 St√ºcke, USB Typ C auf Micro USB Kabel Schnellladung und Datensynchronisierung",5.64,91,4.6
product_173,"Cable Matters 40Gbps Active USB4 kabel 3 m, mit 8K Video & 100 W Ladeleistung, Kompatibel mit Thunderbolt 4/3, USB-C f√ºr VR Headset, Dockingstationen, MacBook, DELL XPS, Surface Pro und mehr",70.58,37,4.2
product_174,"SAFUEL 100W USB C auf USB C Kabel, 90¬∞ 2023„Äê2er-Pack 2m„Äë PD Typ C Cable Schnellladung Nylon geflochtenes Handy-Ladeger√§t Datenkabel f√ºr iPhone 15 MacBook iPad Air Pro Samsung S22 S21 Pixel Switch PS5",11.08,62,4.6
product_175,"CABLETEX 3m USB-C Schnell-Ladekabel 60W Datenkabel f√ºr Smartphones wie Samsung Galaxy S23, iPhone 15 Pro Max, Google Pixel 7 8, HUAWEI P50, Honor 90, HTC, OnePlus, Xiaomi, Oppo A1, Sony Xperia, ZTE",15.12,29,4.7
product_176,"JianHan USB C auf USB C Kabel [3 Pack 1M+2M+3M] Ladekabel USB-C Schnellladekabel PD 60W 3A Typ C Cable f√ºr Samsung Galaxy S22 S21 Ultra S20,Google Pixel 3a/3a XL,iPad Pro,MacBook Pro (Silber)",10.59,25,4.9
product_177,"AviBrex USB C Kabel 3.0A Schnellladung [2St√ºck 2m], Ladekabel USB C 90 Grad Winkel Type C Kabel Spiralkabel,Elastisches PVC f√ºr Samsung Galaxy S23 S22 S21 S20 S10 S9 S8 Plus,Note10/9/8,A71 A52 A51",14.99,241,4.6
product_178,"SWECENT USB C auf HDMI Kabel 4K 1M, USB Typ C auf HDMI UHD Kabel Geflochten Thunderbolt 3/4 Adapter Kompatibel f√ºr iPhone 15 Pro Max,MacBookPro/Air,iMac,iPad Pro,Samsung s23 zu s8,Surface,Dell, HP",12.99,235,4.4
product_179,"Spiralkabel USB C Auf Lightning Kabel, Apple Carplay & MFi Zertifiziert, Einziehbares USB C Lightning Kabel mit Daten√ºbertragung, Kurzes iPhone Ladekabel f√ºr iPhone/Pad/Pod",11.27,215,4.1
product_180,"Anker Powerline+ 0.9m USB C Kabel auf USB 3.0 A, Best√§ndig f√ºr USB Typ-C Ger√§te Inklusive Galaxy S8, S8+,S9, MacBook, Sony XZ, LG V20 G5 G6, HTC 10, Xiaomi 5 und weitere (Grau), Grau A",12.99,8439,4.7
product_181,"USB C auf USB C 20 Gbps 100W, USB 3.2 Gen2x2, PD 5A Schnellladung, Unterst√ºtzt 5K 4K@60 Hz Videoausgabe F√ºr MacBook Air, F√ºr Notebooks, Samsung S22 S21, USB C Ger√§te(0.5m)",13.99,23,4.8
product_182,"USB C Kabel [3 St√ºck 0.5M+1.2M+2M ] USB A to Typ C Kabel Schnelles Laden Galaxy Ladekabel f√ºr Samsung S10 S9 S8 Plus Note 10 9 8 A3 A5 2017 LG G5 G6, Huawei P10 P9 (Rot)",13.1,14511,4.6
product_183,"Multi USB Ladekabel 3A, 1m 2St√ºck 3-in-1 Schnellladekabel mit Lightning/Typ-C/Micro-USB Anschluss f√ºr iPhone/Samsung Galaxy S21/S20/S10/S9/S8/Huawei/Google/LG/HTC",13.1,1441,4.4
product_184,"Silkland USB C auf USB C Kabel 2M, 240W 48V 5A USB-C Kabel PD 3.1 QC4.0, Schnellladekabel USB-C 140W 100W f√ºr iPhone15 Pro Max, MacBook Pro/Air, Laptops, iPad Pro/Air, Samsung S23 Ultra S22, Pixel",5.99,926,4.6
product_185,"Amazon Basics USB C Kabel auf USB Typ A 3.1, 2. Generation, 0,9 m, Wei√ü",8.56,16482,4.5
product_186,"USB-C Kabel,1M 3.1A Schnellladung und 5Gbps Datensynchronisation,geflochtenes USB3.0 A auf USB-C Ladekabel, USB Typ C Kabel,passend f√ºr Samsung Galaxy Note 8 S8 S9 S10 S20,Sony XZ,LGV20,HTC usw",5.26,1798,4.6
product_187,"UGREEN USB C Ladekabel 2 St√ºck 1M+2M Quick Charge 3.0 USB C Kabel 2 St√ºck USB-C Schnellladekabel kompatibel mit Galaxy S22 S21 S20 S10 S9 A53 Huawei P30 Lite Mi 9 iPhone 15,15 Pro,15 Pro Max",10.48,1387,4.6
product_188,"CABLETEX 1m USB 4 Gen3x2 Monitorkabel f√ºr Thunderbolt 3, USB C | 40GBit/s | 8K Video | 100W | 5A | 20V | F√ºr MacBook Pro M1 & M2, USB-C Bildschirm, Docking Stations, SSD, eGPU",36.29,56,4.6
product_189,"GELRHONR USB C Splitter Cable,USB A Male to 3 Type-C Male Charge Cable,3 in 1 Nylon Braided Charging Cord with 3x 1.2m Cable, 5A Fast Charge,Compatible with Mobile/Android and More (1.2M)",10.46,22,4.1
product_190,"USB C Kabel[4St√ºck 1M+1M+2M+3M],RAVODOI USB C Ladekabel QC3.0 Nylon USB C Schnellladekabel f√ºr Samsung Galaxy S20/S10/S9/S8/Note 10/9/8, LG G6, Huawei P30 P20, Google Pixel,Xiaomi Redmi Note 8/ 7 Mi 9",9.17,43,4.7
product_191,"Hama Ladekabel USB C auf USB C, 1,5m (Schnellladung, Handy Ladekabel, Datenkabel, USB Kabel, Handykabel, Ladekabel USB Typ C, USB-C, vergoldete Stecker, maximal kompatibel) wei√ü",12.49,4,5.0
product_192,"JianHan USB C auf USB C Kabel [3 Pack 1M+2M+3M] Ladekabel USB-C Schnellladekabel PD 60W 3A Typ C Cable f√ºr Samsung Galaxy S22 S21 Ultra S20,Google Pixel 3a/3a XL,iPad Pro,MacBook Pro (Silber)",13.1,25,4.9
product_193,"ESSAGER USB Typ C auf USB Typ C Kabel [2-St√ºck/1M+2M] 100W/5A QC 4.0 Schnellladekabel Transparente Adapter Fast Ladekabel f√ºr MacBook Pro 2021,Galaxy S22/21/20, Huawei usw (Schwarz)",6.04,55,4.3
product_194,"CABLETEX 50cm USB 4 Gen3x2 Monitorkabel f√ºr Thunderbolt 3, USB C | 40GBit/s | 8K Video | 100W | 5A | 20V | F√ºr MacBook Pro M1 & M2, USB-C Bildschirm, Docking Stations, SSD, eGPU",27.22,16,4.5
product_195,"USB C Lightning Kabel 2M [2 Pack], USB-C auf Lightning Ladekabel Geflochten Typ C PD Power Delivery Schnellladekabel Kompatibel f√ºr Apple iPhone 13 12 11 Pro Max Xs Xr X 8 7 6 Plus SE",9.99,4505,4.5
product_196,"CableCreation USB Micro B auf USB C Kabel 0.6m, USB 3.1 C auf Micro B Kabel 10Gbps USB C auf externe Festplatte Kabel Kompatibel mit MacBook Pro Air Galaxy S5 My Passport Elemente etc, Space Grey",9.99,4304,4.7
product_197,"RUXELY USB C Verl√§ngerungskabel 0.2M,Typ C 3.1 Gen2 10Gbps Buchse auf Stecker Adapter,Kurz (Thunderbolt 3 Compatible) Extension Cable f√ºr Macbook M2,iPhone 15,Mac Air, Microsoft Surface Go,Dell XPS",12.66,2467,4.4
product_198,"Kurzes USB C 3.1 Gen 2 Kabel unterst√ºtzt 100W Laden/10Gbps Daten√ºbertragung/4K @ 60Hz Display, USB C Ladekabel kompatibel mit Android Samsung Galaxy 12cm",12.6,5,4.0
product_199,CONMDEX USB C Kabel Kurz 20cm/0.2M [2St√ºck] 10Gbps USB3.1 Gen2 Datenkabel Typ C Android Auto QC3.0 3.1A USB A auf C Schnellladeger√§t f√ºr Samsung Note20 Galaxy S23/S22/S21 Galaxy Z Flip4 Tab S8 Pixel 7,7.99,4280,4.5
product_200,"IVANKY USB C auf USB C Kabel 2M, USB 3.2 Gen2√ó2 Typ C Ladekabel, 100W 20V/5A Power Delivery Schnellladekabel, 4K@60Hz, 20Gbps Daten√ºbertragung, USB C Kabel f√ºr iPhone 15 und andere USB C Ger√§te",11.99,960,4.6
product_201,"USB C Kabel 3.1A [2St√ºck 2M] Schnellladung,90 Grad Winkel Ladekabel USB C Nylon Ladekabel type C f√ºr iphone 15 pro max,Samsung Galaxy S23 S22 S21 S20 S10 Plus/Ultra/FE,A71 A53 A52 A51 A50, Note 20/10",12.99,473,4.6
product_202,"Nimaso USB C Kabel [2 Pack 2M],USB C zu USB C Ladekabel [20V/3A/60W],USB Typ C PD Kabel f√ºr Samsung Galaxy S23 S22 S21 Ultra/Note20 Ultra,Note10,Google Pixel 3a/4 XL,Pro 11 2021,MacBook Pro,iPhone 15",9.06,14179,4.6
product_203,"UGREEN USB C Kabel 60W Flexibles Silikagel USB C auf USB C Ladekabel PD 3.0 PPS kompatibel mit iPhone 15 Pro Max Galaxy S23 S22 S21 S20 Pixel 7 iPad Pro 12.9 iPad Mini 6/Air 5 usw. (1M, Blau)",9.67,346,4.7
product_204,"Silkland 3Pack USB-C auf USB-C Kabel 2M 2M 1M, 60W 20V/3A USB-C Kabel Set, USB-C Ladekabel PD 3.0 QC3.0 f√ºr iPhone15 Pro Max, Samsung S23 Ultra S22 S21, iPad Pro/Air, MacBook Pro/Air, Laptop, Pixel8/7",9.06,65,4.6
product_205,MTAKYI EV-HDK065-0012-EU,12.8,39,4.0
product_206,"Acecene iPhone Ladekabel 1m [2 St√ºck], MFi Zertifiziert Nylon USB C auf Lightning Kabel iPhone Schnellladekabel f√ºr iPhone 14 13 12 11 Pro Max X XS XR 8 7 6 Plus Mini SE - Schwarz",8.99,128,4.5
product_207,"GlobaLink USB C auf USB C Kabel 2M, 100W USB Typ C Schnellladekabel PD 5A QC 4.0 Typ C Ladekabel kompatibel f√ºr MacBook Pro 2020 MacBook Air Samsung Galaxy S22 Ultra S21 S20 iPad Pro Air Mini",7.86,111,4.5
product_208,"d√© Spiralkabel, USB-C auf USB-C Kabel, 0,9 m, 60 W & Android Auto kompatibel, f√ºr Samsung S22/S21/21/10, Note20/10, MacBook Air/Pro, iPad Pro, Switch, Google Pixel und andere Typ-C-Ger√§te",11.95,167,4.3
product_209,"USB Druckerkabel 2M,USB C Druckerkabel 2 in 1 Scannerkabel USB 2.0 Drucker Kabel USB A/C auf USB B PC Printer Cable Kompatibel f√ºr HP,Dell,Canon,Epson,Lexmark,Xerox,Brother,Samsung,Pixma",11.99,299,4.4
product_210,"Basesailor USB C Ladekabel 2M 2-St√ºck,Nylon Typ C Datenkabel f√ºr Samsung Galaxy Handy S22 S23,A23 A34 A42 A53 A54 5G,M53 M33 M23 M13,Z Flip5 Fold5,iPad Air Mini5,iPhone 15 Plus Pro Max,Car Auto Play",8.46,24027,4.6
product_211,"IZHOI USB C auf USB C Kabel,100W Ladekabel mit LED Anzeige zeigt abwechselnd W/V/A,PD Schnellladekabel f√ºr APad Air/APad Pro,Mac-Book Pro Sam-sung Galaxy S21/S10/S9/ Plus (1m, Silber)",10.99,756,4.5
product_212,"USB C Kabel [3 St√ºck 0.5+1+2m] Nylon Typ C Ladekabel und Datenkabel USB C Schnellladekabel f√ºr Samsung Galaxy S22 S21 S20 S10/S9/S8+, Huawei P30/P20, Google Pixel, Sony Xperia XZ, OnePlus 6T",9.99,111,4.6
product_213,"45W USB C Ladeger√§t f√ºr Steam Deck, JSAUX 3M Kabel Typ-C PD3.0 Schnellladeger√§t Laptop Ladeger√§t Kompatibel mit Steam Deck, Switch, MacBook Pro/Air, Dell XPS, ThinkPad, iPad Pro/Air, Pixel, Galaxy",19.7,15,4.5
product_214,"JAMEGA ‚Äì 3m USB Typ C Kabel Gr√ºn | 3A Nylon geflochten USB C Ladekabel und Datenkabel Fast Charge Snyc schnellladekabel kompatibel mit Samsung Galaxy S10/S9/S8+, Sony Xperia XZ, Huawei P30/P20",8.56,43,4.1
product_215,"Statik 360 - Magnetic Charging Cable - 360¬∞ Rotating Phone Charger w 3 Removable Magnetic Connectors Compatible For Most Devices - Nylon Braided Cable - 3in1 Charger w Micro, Type C USB - 6FT, Black‚Ä¶",16.13,7555,3.9
product_216,"YGJ 140W USB-C to Magnetic 3 Cable, Compatible with MacBook Air (M2, 2022), MacBook Air (15in, M2, 2023), MacBook Pro (14in, 2021) (14in, M2, 2023) (16in, 2021) (16in, M2, 2023), (6.6ft)(White)",26.21,27,3.1
product_217,"Fractal Design Pop Accessory USB-C 10Gbps Cable ‚Äì Model D, FD-A-USBC-001",10.58,61,4.5
product_218,"USB C Ladekabel f√ºr OnePlus 10T 11 5G, Schnellladekabel Typ C auf USB C, 125W SUPERVOOC Super Flash Datenkabel USB C 2M, Typ C Kabel f√ºr OnePlus Nord 3 2 Nord CE 3 Lite 9 Pro 8 Realme OPPO Reno Find",8.87,10,4.8
product_219,"USB C Kabel,[3M 2St√ºck] USB Typ C Ladekabel Schnellladung Kompatibel mit Samsung Galaxy S22 S21 S20 S10 S9 Plus Note 10 9 8, Google Pixel, LG, Huawei P10 P9,Sony Xperia XZ, Fliese blau",5.94,787,4.6
product_220,"100W USB C auf Multi USB Kabel [1.2M] Schnellladekabel mit E-Mark Chip 3 in 1 Ladekabel USB C auf USB C[100W]+Micro[10W]+Lightning[27W] f√ºr Galaxy S23/iPad Pro, iPad Mini, MacBook Pro/Air/iPhone14 13",8.35,1677,4.3
product_221,"XAOSUN USB C auf USB C Kabel Kurz 30CM, USBC to USBC Schnellladekabel 240W/100W PD 3.1 Kompatibel mit iphone 15/iphone 15 pro/max, macbook pro/ipad pro, laptops, samsung und Alle USB C Ger√§ten.",10.99,326,4.3
product_222,"Anker PowerLine+ 90cm USB C Kabel auf USB 3.0 A, sehr Best√§ndig f√ºr USB Typ-C Ger√§te Inklusive Galaxy S8, S8+,S9,S10, MacBook, Sony XZ, LG V20 G5 G6, HTC 10, Xiaomi 5 usw. (Rot)",8.56,23479,4.7
product_223,"BLACKSYNCZE USB C auf Lightning Kabel [2St√ºck 2M], USB C Lightning Ladekabel MFi Zertifiziert Power Delivery Nylon iPhone Ladekabel f√ºr iPhone 13 Pro Max/13/12 Pro Max/12/11 Pro Max/11/XR/XS/8 Plus/8",8.05,619,4.4
product_224,"Amazon Basics Verbindungskabel, USB C auf C, 2.0-Standard, doppelt geflochtenes Nylon, 3 m, Silber",10.56,15159,4.6
product_225,UGREEN USB C auf Micro USB 3.0 Kabel Nylon USB Typ C Kabel Externe Festplatte Kompatibel mit USB 3.0 Festplattengeh√§use (0.5M),7.99,634,4.7
product_226,"KabelDirekt ‚Äì gewinkeltes USB C Kabel All-in-One, USB 3.2 Gen 2x2 ‚Äì 0,5 m (√ºbertr√§gt Daten/Video mit 20Gbit/s, l√§dt mit 240W dank PD3.1, funktioniert als Datenkabel/Ladekabel/Monitorkabel, Wei√ü)",9.26,11,4.9
product_227,"CABLETEX 2m USB 4 Gen3x2 Monitorkabel f√ºr Thunderbolt 3, USB C | 40GBit/s | 8K Video | 100W | 5A | 20V | F√ºr MacBook Pro M1 & M2, USB-C Bildschirm, Docking Stations, SSD, eGPU",48.4,56,4.6
product_228,"ANKER PowerLine III USB-C auf USB-C Ladekabel, 100W Typ-C Kabel 2.0, Blitzschnelles Aufladen mit PD, f√ºr MacBook Pro 2020, iPad Pro 2020, Galaxy S10 S9 S8 Plus, Pixel, Switch, LG und mehr(Schwarz)",7.99,13824,4.7
product_229,"USB C auf USB C Kabel, Zertifiziert USB C Ladekabel, PD 3.1 100W 140W 240W QC 5.0 USB Kabel, USB 3 10Gbps Kabel f√ºr Android Auto, iPhone 15 Serie Galaxy S23 S22 MacBook Tablet, SSD, Steam Deck (1M)",7.99,14,4.8
product_230,"SUCESO USB C Verl√§ngerungs Kabel 2M USB Typ C 3.2 10Gpbs Gen 2 USB-C Stecker auf Buchse Verl√§ngerungskabel 100W 4K@60Hz Kompatibel mit MacBook Pro/Air, iPad Pro, XPS 15, Samsung S23 S22,Steam Deck usw",11.09,29,4.3
product_231,"MTAKYI USB-C-Zu-IOS-Telefon Kabel, Drohnen-Adapter Kabel, 15-cm-Fernbedienungs Kabel f√ºr Lightning Auf Typ-C, Rechter Winkel f√ºr DJI Mavic Air 2-Fernbedienung und iPhone-Ger√§t.",13.99,143,4.1
product_232,"JSAUX USB B zu USB C Druckerkabel 3M, Nylon Geflochten, USB C MIDI Kabel Kompatibel f√ºr MacBook Pro, HP, Epson, Canon, Brother, Lexmark, Xerox Drucker und Scanner-Rot",10.99,1583,4.7
product_233,"AINOPE USB C Kabel Auf USB C 3.1A, Schnellladekabel Kabel 2M Nylon Geflochtenes USB A auf USB C Ladekabel f√ºr Samsung Galaxy S22/S21/S20, Ipad Pro, Huawei",6.6,4104,4.5
product_234,"USB C Kabel 2Pack 100W 5A iphone 15 Ladekabel USB C auf USB C Kabel 1.8M QC 4.0 USB C Ladekabel Kompatibel mit Apple iPhone 15/Plus/15 Pro/15 Pro Max, Samsung S23 S22 S21 MacBook Pro/Air, Huawei",8.87,97,4.6
product_235,"JAMEGA ‚Äì 3m USB Typ C Kabel Gold | 3A Nylon geflochten USB C Ladekabel und Datenkabel Fast Charge Snyc schnellladekabel kompatibel mit Samsung Galaxy S10/S9/S8+, Sony Xperia XZ, Huawei P30/P20",8.05,36,4.2
product_236,"SUNGUY USB C auf USB C Kabel, 60W [2St√ºck 25cm] 90 Grad Winkelstecker, Kabel Ladekabel kompatibel mit iPhone 15/15 Pro/15 Pro, MaxMacBook Pro, MacBook Air,Galaxy S23/S22,Note, Huawei P30",8.05,47,4.4
product_237,"Ocetea 60W USB C auf USB C Kabel [2St√ºck 1M], USB Typ C PD Ladekabel 20V/3A USB C Schnellladekabel Kompatibel mit iPhone 15/15 Pro/15 Pro Max, MacBook Pro Air, iPad Pro Air, Galaxy S23 S22, Pixel",7.99,393,4.8
product_238,"GELRHONR Linker Winkel USB zu Typ C Kabel kurz, 25cm USB 3,0 zu USB C Stecker zu Stecker Kabel, Typ C Ladekabel 18W Schnellladung 5Gbps Daten√ºbertragung",8.86,5,4.8
product_239,"ZKAPOR USB C auf USB C Kabel [3St√ºck, 0.3M+2M+2M] 60W 20V/3A, USB Typ C PD Ladekabel 90 Grad Schnellladekabel f√ºr iPhone 15/15 Pro Max, Samsung Galaxy S23, Pad Pro, Air, Huawei P40 /Mate 60, Pixel",8.05,70,4.7
product_240,"Anker Powerline 90cm USB C auf USB 3.0 Kabel, USB-C mit 56k Ohm Pull-Up Widerstand f√ºr USB Type C Ger√§te Galaxy S8, S8+, S9,S10,MacBook, Sony XZ, LG V20 G5 G6, HTC 10, Xiaomi 5 usw.(Schwarz)",10.07,14181,4.6
product_241,"VAFOTON 9Pin USB C Magnet Ladekabel 2M, 360¬∞&180¬∞, PD60W Schnellladung, 6 in 1 USB C/A auf Typ C Magnetkabel f√ºr Typ C/Micro USB/i-Products/Galaxy S22/S23/S23 Ultra/MaBook/PadPro",12.9,406,4.2
product_242,"IDISON USB C Lightning Kabel, MFi Zertifiziertes Typ C iPhone Ladekabel 2M 2 PACK, Power Delivery Nylon Apple Schnellladekabel Kompatibel Mit iPhone 14/14 Pro/13/13 Mini/12/12 Pro MAX/XS/XR/SE/iPad",10.58,645,4.6
product_243,"Cable Matters Kombi-Pack 40 Gbps USB C winkelstecker 90 Grad Adapter Kit mit 240W PD (USB C 90 Grad Adapter) in Schwarz ‚Äì kompatibel mit Ports Thunderbolt 4, USB4 und Thunderbolt 3",10.07,56,4.7
product_244,"ANMIEL USB C kabel [1M+1M+2M] 3.1A Schnellladekabel,Nylon USB A auf Typ C Ladekabel Kompatibel mit Samsung Galaxy A10e A20 A50 A51 A71,S20 S10 S9 S8 Plus S10E, Note 20 10 9 8,Moto G7 G8",6.12,3855,4.6
product_245,"RAVIAD USB C auf USB C Kabel [2St√ºck 1M], USB Typ C PD Ladekabel 60W 20V/3A USB C Schnellladekabel Ladekabel f√ºr Pro 2020, Pad Air 2020, Samsung Galaxy S21/S20/S10, Huawei - Grau",5.99,436,4.6
product_246,"UGREEN USB C Kabel 100W USB C auf USB C Ladekabel 5A/20V PD 3.0 PPS kompatibel mit iPhone 15 Pro Max, M2 MacBook Pro 2023 iPad Pro 12.9 2022 iPad Air 5 Galaxy S23 Ultra Pixel 7 Steam Deck usw. (1m)",6.35,403,4.6
product_247,"Cable Matters 20G rechtwinkliges 1,8m USB C auf USB C Kabel, USB C 90 Grad Kabel 20 Gbps mit 240 W Ladeleistung in Schwarz - 1,8 m",13.7,1,4.0
product_248,"USB C Kabel 2M [5St√ºck] Schnellladung, Ladekabel USB C Nylon Type C Kabel f√ºr Samsung Galaxy S22 S21 S20 S10 S9 S8, LG G5 G6 V20, Huawei P30 P20 P10,Blau",7.64,107,4.7
product_249,"USB C auf USB C Kabel 1M 2Pack,100W PD 5A Schnellladekabel USB C Ladekabel, Nylon USB Kabel Typ C Ladekabel USB C auf USB C Handy Ladekabel f√ºr iPhone 15 Pro Max/Samsung Galaxy S23 S22 S21/iPad Pro",8.05,16,4.7
product_250,"ANMIEL USB C Kabel 3M [2 Pack] 3.1A Schnellladung Typ C Ladekabel,Nylon geflochtenes USB A zu USB C Ladekabel f√ºr Samsung Galaxy S10 S9 S8 Plus S21,Note 10 9 8,LG V20 G8 G7,Typ C Ladeger√§t",8.99,69,4.7
product_251,"SUNGUY USB C 3.1 Gen 2 auf USB Kabel, 0.5m USB A auf C 3A Schnellladung & 10Gbps Daten√ºbertragung Android Auto Nylon geflochtenes Typ C Kabel kompatibel mit Galaxy S21 S20 S10E Note 20, Pixel",7.64,1751,4.5
product_252,"USB C auf HDMI Kabel 8K@60Hz, Type C zu HDMI 2.1 Kabel Thunderbolt 4/3, USB 4 Kompatibel, USB C 3.1 to HDMI Cable f√ºr MacBook Pro/Air, iMac, iPad Pro, Galaxy S20 S10, Surface, Dell, HP, 1M",20.16,1216,4.2
product_253,"PremiumCord USB-C auf USB 2.0 Verbindungskabel 1m, Schnellladung bis zu 3A, Ladekabel und Datenkabel, USB 3.1 Typ C Stecker auf USB 2.0 Typ A Stecker, Farbe wei√ü, L√§nge 1m",2.92,5111,4.5
product_254,"ADILIFT 2m USB C iPhone Ladekabel [2 St√ºck], Lange MFi Zertifiziert USB C Lightning Kabel Nylon USB C auf Lightning Datenkabel USB C iPhone Schnellladekabel f√ºr iPhone14 13 12 11 Pro Max XS XR X iPad",7.99,57,4.7
product_255,"USB C auf USB C Kabel,RAMPOW USB C Kabel 60W PD 3.0 Schnellladekabel USB C zu USB C f√ºr iPhone15/15 Pro/15 Pro Max, Samsung Galaxy S22 /S21, iPad Pro, Huawei P50, Xiaomi 9 und mehr-Grau,1M",5.44,7403,4.6
product_256,UGREEN USB C Ladekabel Winkel USB C Kabel 90 Grad Winkel Nylon USB auf USB C Kabel gewinkelt kompatibel mit Galaxy S23/S22/S21/A73/A53 Huawei P30 Lite Redmi 10 iPhone 15/15 Pro/15 Pro Max(0.5M),6.85,18655,4.6
product_257,"YGJ 140W USB-C to Magnetic 3 Cable, Compatible with MacBook Air (M2, 2022), MacBook Air (15in, M2, 2023), MacBook Pro (14in, 2021) (14in, M2, 2023) (16in, 2021) (16in, M2, 2023), (6.6ft) (Black)",26.21,27,3.1
product_258,"Amuvec Multi Kabel USB, 3A 1.2M Nylon Mehrere Android Ladekabel 4 in 1 mit 2 Micro USB 2 Typ C Anschl√ºsse, f√ºr Samsung Galaxy S21 S20 S9 S8 S7 A5 J5, Huawei, Pixel, Sony, Xiaomi, Nokia, Moto, LG, PS4",6.44,419,4.4
product_259,"huaham USB A bis USB C -Kabel [3pack, 1m 1,8 m und 3M] 3.1A -Ladeger√§t Cable Fast Ladekabel Rechtwinkel, langlebiger Nylon geflochtenes USB -C -Ladungskabel, das mit Galaxy LG kompatibel ist",7.64,140,4.3
product_260,"USB-C auf USB-C 3.1 Videokabel 1M 90Grad Geflechtkabel USB C Kabel mit 4K-UHD-Audio,100W PD schnelles Laden10Gbit/s f√ºr USB C,iPad Pro,MacBook Pro,iMac, Surface Pro und mehr",8.05,17,4.8
product_261,"SUNGUY USB C Kabel 1M, USB 3.1 Gen 2 auf C Kabel, 10Gbps USB C Datenkabel and Ladekabel Kompatibel mit Android Auto,Huawei Mate 50 pro,Samsung Note 20 ultra/ S23 ultra, Redmi,Pixel 7 pro-Rot",8.59,1746,4.6
product_262,"USB C Lightning Kabel 1M+2M 2Pack MFi Zertifiziert, Nylon iPhone Ladekabel USB C Schnellladekabel iPhone Kabel USB C iPhone Ladekabel f√ºr Apple iPhone 14 Pro Max/14 Plus/13 Pro Max/12 Mini/11/XS/8",8.05,70,4.6
product_263,"SOLMIMI USB C auf USB 3.0 Adapter f√ºr Laptop, Tablet, Handy mit Typ-C Anschluss, OTG Kabel USB C kompatibel mit Tastatur, Maus, Speicherkarte und andere USB-Peripherieger√§ten - 1.2m",10.07,38,4.7
product_264,"CLEEFUN USB C Verl√§ngerung Kurz 30CM USB 3.1 Typ C Stecker auf Buchse Verl√§ngerungskabel Unterst√ºtzt 10Gpbs Sync 100W Lade f√ºr PSVR2 MacBook Air, Galaxy S23/S22/S21, Tab S8, Pixel 7/6, Pad, USB-C Hub",9.99,68,4.6
product_265,"SDBAUX Ladekabel USB C auf USB C Schnellladekabel[60W/2St√ºck], 3.0 USB C auf USB C Kabel 1M, Ladekabel Samsung Schnellladekabel USB C f√ºr iP15/15 Pro/15 Pro Max, Samsung Galaxy S22 S21,Huawei",7.04,1,5.0
product_266,"sicotool USB C Kabel Kurz Winkel 0,3M 20Gbps and 100W 90 grad Rechtwinklig Schnellladekabel Daten√ºbertragung Kompatibel mit Handy, SSD, Galaxy S23 S22 Pixel Switch, USB C Ger√§te",8.05,1,5.0
product_267,"1m USB C Kabel 2 Pack, Nylon 3ft USB A auf USB C 3A Ladekabel Typ C Schnellladekabel Kompatibel f√ºr Samsung Galaxy S22 S21 S20 S10 S9 S8 Plus Note 10 9 8, Huawei, Google Pixel, Xiaomi, Sony",8.49,334,4.5
product_268,"50cm USB C auf Lightning Kabel Kurz 2Pack, Geflochten Typ C Lightning Ladekabel PD Power Delivery Schnellladekabel Kompatibel f√ºr Apple iPhone 14 13 12 11 Mini Pro Max Xs Xr X 8 7 6 Plus SE(Silber)",9.55,1167,4.4
product_269,"Geflochtenes USB-C-Zu-USB-C-Nylonkabel f√ºr Controller, Drohnenzubeh√∂r, Schwarz, DJI Mini 2, Mavic 3,Air 2S, Mavic Air 2-Fernbedienungs Kabel, OTG-RC-Phablet-Verl√§ngerungs Kabel (Typ-C-Anschluss/15 cm)",12.98,143,4.1
product_270,"ANKER USB auf C Kabel, 310 USB C auf USB C Kabel (1,8m), (60W/3A) USB C Ladekabel Schnellladekabel f√ºr Samsung Galaxy S23, iPad Pro 2021, iPad Mini 6, iPad Air 4, MacBook Pro 2020, Switch (USB 2.0)",5.71,445,4.6
product_271,"ZKAPOR USB C auf USB C Kabel [2St√ºck 2M] 60W USB C Ladekabel Nylon PD Schnellladekabel USB C f√ºr iPhone 15/15 Pro Max, Samsung Galaxy S23 /S22, Pad Pro, Air, Huawei P40 /Mate 60, Pixel - Grau",5.59,329,4.6
product_272,"100W USB C auf USB C Kabel 3M,90 Grad Schnellladekabel USB C PD 5A USB Typ C Ladekabel mit E-Mark Chip f√ºr Macbook Pro;MacBook Air;iPad Pro;Samsung Galaxy;Huawei;ChromeBook Pixel;Tablet Google",5.99,507,4.7
product_273,"SIQIWO USB Typ C Kabel 1.2M, USB C 3.0 Schnellladung Sync Ladekabel mit 4 USB C Port, f√ºr iPhone 15, Android Galaxy S23 S22 S21 S20 S10 Plus A51 A7, Note 20 10 9, LG G8 V50, Huawei, Sony, Xiaomi",8.99,1077,4.4
product_274,"ODDADD USB C Magnet Ladekabel 2 St√ºck [2M+2M], 360¬∞ & 180¬∞, 9Pin PD 60W Ladekabel Magnetisch Schnellladung, USB C/A auf Typ C Daten√ºbertragung Magnetkabel f√ºr Samsung Galaxy/Ma.Book/Phone 15 Pro",16.13,50,4.1
product_275,"Kuulaa USB C Magnetic Charging Cable, 360¬∞ & 180¬∞ Fast Charge Magnetic Charging Cable, 6 in 1 USB C/A to Type C Magnetic Cable for Type C/Micro USB/i-Products/Galaxy S22/S23/S23 Ultra/MacBook (2M)",8.99,1182,4.0
product_276,"USB C Kabel, [2 St√ºck 2M] USB Typ C Kabel Nylon Fast Charge Typ C Kabel Sync Schnellladekabel f√ºr Samsung Galaxy S20 S10 S9 S8 Plus Note 20 10 9 8 A3 A5 2017, Huawei P20 P10, Sony Xperia-Gr√ºn",5.09,9126,4.5
product_277,"JAMEGA ‚Äì 1m USB Typ C Kabel Blau | 3A Nylon geflochten USB C Ladekabel und Datenkabel Fast Charge Snyc schnellladekabel kompatibel mit Samsung Galaxy S10/S9/S8+, Sony Xperia XZ, Huawei P30/P20",7.04,33,3.8
product_278,"[2er-Pack] 1 Meter Magnetische USB-C Ladekabel mit 4 Tips - Schnelles und Effizientes 2,4A Laden f√ºr Samsung Galaxy S21, Xiaomi Mi 11, Google Pixel Tablets und mehr USB Typ-C Ger√§te",7.55,586,4.4
product_279,"USB C Kabel [2St√ºck/ 2M+2M] Ladekabel USB C 3.1A Typ C Schnellladekabel, Nylon USB A auf USB C Ladekabel f√ºr Samsung Galaxy S23 S22 S21 S20 S10, A53 A52 A33 A34 A20e A14 A13 usw",5.99,8357,4.5
product_280,"USB C Lightning Kabel 1M 2Pack MFi Zertifiziert, iPhone Ladekabel USB C Lightning Ladekabel Nylon Schnellladekabel iPhone Kabel USB C f√ºr Apple iPhone 14 Pro Max/14 Plus/13 Pro/12 Mini/11 Pro/XS/XR/8",7.25,18,4.5
product_281,"BOFIN, USB C to USB Adapter Cable USB Type C Male to USB A Female Converter Thunderbolt 3 Compatible with MacBook Pro Air Mac Mini Galaxy Dell Surface and Other USB C Devices‚Ä¶",9.07,27,4.6
product_282,"BLACKSYNCZE USB C Kabel 3.1A [3St√ºck 2M] Schnellladung, USB Typ C Ladekabel Nylon Geflochten USB C Schnellladekabel f√ºr Samsung Galaxy S23 S22 S20fe S10, Note 20 10 9 8, Huawei P40 P30, Mate 30 20",6.44,1312,4.5
product_283,NFHK USB-A Typ A zu USB-C Fl√ºssigkeit Silikon Ultra Soft 120W Leistung USB2.0 Daten Orange Kabel Schnellladung f√ºr Laptop Tablet Phone 100CM,13.1,2,2.5
product_284,"KabelDirekt ‚Äì flexibles USB C Kabel zum Schnellladen, USB 2.0 ‚Äì 1 m (l√§dt Handys/Laptops mit 100W dank Power Delivery 3, ist h√∂chst biegsam und robust, funktioniert als Ladekabel/Datenkabel, Wei√ü)",8.05,300,4.3
product_285,"BIBTIM USB C auf USB C Kabel 1M 2M 3M,60W USB 2.0 Typ C Ladekabel Kompatibel mit MacBook iPad Air 5 Pro 2021 Galaxy S22 S21 Ultra S20 FE S10 A12 Mi 11 Note 1 0 Pixel 39.5 EU - 25cm",3.01,23,4.1
product_286,"USB Typ C Kabel, [2St√ºck 1M] Nylon Type C Ladekabel Fast Charge Sync USB C Schnellladekabel f√ºr Samsung Galaxy S10/ S9/ S8 Plus Note 9 8, Huawei P20 Mate20, Google Pixel, Sony Xperia XZ",5.64,16528,4.6
product_287,"ZKAPOR USB C Kabel [2St√ºck 2M], Ladekabel USB C Schnellladekabel Nylon USB Kabel Typ C Kompatibel Mit iPhone 15/15 Pro Max, Samsung Galaxy S23/S22/S21/S10, Note 10, Huawei P40/P30, Google Pixel ‚ÄìGrau",5.59,3727,4.6
product_288,"Thsucords USB C auf USB C Spiralkabel 100 W, USB C 3.2 Gen 2 X 2 20 Gbit/s Daten√ºbertragung Typ C 20 V/5 A PD Schnellladung Spiralkabel Video Monitor Kabel unterst√ºtzt 4K @ 60 Hz",16.13,43,4.0
product_289,"USB C auf USB C LadeKabel 2M, 60WType C SchnellladeKabel f√ºr iPhone15/MacBook Air/Pro, iPad Mini 6/Pro 2022/Air 5, Samsung Galaxy S21/S21+/S20+ Ultra Note 20, Pixel 4/3 XL USB C Schnelles Laden Wei√ü",6.39,316,4.5
product_290,"ZKAPOR Extra Lang USB C auf USB C Kabel 3M, USB C Kabel 60W Schnellladekabel USB Typ C f√ºr iPhone 15/15 Pro Max, Samsung Galaxy S23 /S22, Pad Pro, Air, Huawei P40 /Mate 60, Pixel -Grau",3.99,2144,4.5
product_291,jj-shop24 USB-C 3.2 Verl√§ngerung Kabel C-Stecker C-Buchse 1m Type-C Kabel Schnell Laden USB Typ C,7.99,44,4.7
product_292,"Cable Matters USB C auf Mini USB Kabel (Mini USB auf USB C Kabel) 2 m in Schwarz, USB Mini auf USB C, USB C Mini USB",7.55,3212,4.6
product_293,"USB-C-auf-USB-C-Kabel, [2er-Pack 0,6 m] 60-W-Stromversorgungs-Schnellladekabel Typ C, kompatibel mit MacBook Pro/iPad Pro/Galaxy S20/Microsoft Surface/Google Pixel und anderen USB-C-Ger√§ten (rot)",6.44,71,4.4
product_294,"RAVIAD USB C Kabel 3.1A [2 St√ºck 2M], Ladekabel USB C Nylon Schnellladekabel USB C Ladekabel f√ºr Samsung Galaxy S20 S9 S8 Plus S10 Note 10 9 8 V30 V20 G6, Huawei P40/P30- Blau",6.99,3744,4.5
product_295,USB C auf Lightning Kabel [2Pack1M] iPhone USB C kabel F√ºr Apple iPhone 14 Pro/14 Pro Max/13 Pro Max/13/12/11 Pro,7.99,630,4.5
product_296,"ADILIFT USB C Kabel 2m 2Pack, USB Typ C Schnellladekabel 3A Nylon geflochten Langes USB A zu USB C Ladekabel f√ºr Samsung Galaxy S21 S20 S10 S9 S8, Note 10 9, Sony Xperia XZ, Huawei P30 P20, MacBook",7.99,207,4.5
product_297,"UGREEN USB C Ladekabel 100W USB C Kabel auf USB C 5A/20V PD 3.0 PPS kompatibel mit iPhone 15 Pro Max MacBook Pro/Air iPad Pro Galaxy S23 Ultra S23+ S22 A54 Pixel 7 Steam Deck usw. (2m, Space Grau)",7.75,6716,4.7
product_298,"USB C Kabel 5A Huawei Ladekabel [2 St√ºck 2M] Huawei Schnellladekabel F√ºr Huawei P60 P40 P30 P20 Lite Mate 60/50/40/30 Pro,iPhone 15 pro max, MediaPad M6 M5 Pro Nova4 Nova5 Pro,Huawei Supercharge",12.08,4846,4.6
product_299,96W Netzteil 100W Type C Laptop Ladeger√§t f√ºr MacBook Pro 15/16/13/14 Zoll 2021/2020/2019; MacBook Air 13 Zoll 2020/2019/2018; i-Pad Pro 12.9/11 Zoll 2020/2018 mit 1.8M USB-C auf C Ladekabel,21.77,410,4.6
product_300,"SUNGUY USB C Kabel 0.3M, Winkel Android Auto USB C Kabel USB C 3.1 Gen 2 Kabel Nylon geflochtene 3A Schnellladung & 10Gbps Daten Sync Typ C Kabel kompatibel mit Galaxy S22, Pixel 6 5, Huawei, SSD",7.99,458,4.4
product_301,"SUNGUY USB C auf USB C Kabel, 60W [2St√ºck 25cm] 90 Grad Winkelstecker, Kabel Ladekabel kompatibel mit iPhone 15/15 Pro/15 Pro, MaxMacBook Pro, MacBook Air,Galaxy S23/S22,Note, Huawei P30",8.05,47,4.4
product_302,"SUNGUY USB C Kabel Kurz, 0.3M 10Gbps USB C auf USB 3.1 GEN 2 Lade und Datenkabel f√ºr Android Auto, Samsung Galaxy S22/S23 ultra, HUAWEI P20/50 Pro,Google Pixel-Grau",6.44,143,4.6
product_303,"SUNGUY USB C auf Micro USB Kabel, 1.5M OTG USB Verbindungskabel, L√§dt Micro USB Ger√§te, TypC zu Micro B Ladekabel und Datenkabel f√ºr MacBook Pro&Android Ger√§te-Grau",6.99,350,4.4
product_304,"Fannoday USB C Kabel 0.5M, Winkel Android Auto USB C Kabel USB C 3.1 Gen 2 Kabel Nylon geflochtene 3A Schnellladung & 10Gbps Daten Sync Typ C Kabel kompatibel mit Galaxy S23, Pixel, Huawei, SSD",7.99,37,4.8
product_305,BOFIN USB C auf USB C Ladekabel Schnellladeger√§t Typ C Power Datenkabel kompatibel mit MacBook iPad Air Pro 2021 Galaxy S22 S21 Ultra S20 FE S10 A12 Mi 11 Note 20 Pixel 6 5 4a Note 20,8.06,40,4.4
product_306,Belker USB C Kabel Kurz 20cm/0.2M 1Pack 10Gbps USB3.1 Gen2 Datenkabel Typ C Android Auto QC3.0 3.1A USB A auf C f√ºr Samsung Note20 Galaxy S23/S22/S21 Z Flip 5 Tab 9 Pixel 8 Pro OnePlus 11 Schwarz,7.99,6593,4.6
product_307,"Fannoday USB C Kabel 0.5M, Winkel Android Auto USB C Kabel USB C 3.1 Gen 2 Kabel Nylon geflochtene 3A Schnellladung & 10Gbps Daten Sync Typ C Kabel kompatibel mit Galaxy S23, Pixel, Huawei, SSD",7.99,37,4.6
product_308,"USB C to AUX Cable, Nylon Braided Type C to 3.5 mm Headphone Adapter Audio Car Stereo Compatible with Huawei P40 P30Pro Mate40 Samsung Galaxy Note20/S20 S21 S20+ Google Pixel Black 3feet 1m",6.44,1067,4.4
product_309,"USB C Kabel Kurz 30cm[5-St√ºck], 3A Schnellladekabel USB A auf USB C Ladekabel Typ C Datenkabel f√ºr Samsung Galaxy S21 S20 S10 S9 S8+, Note 10/9/ 8+, Huawei P30/P20, Xperia XZ, Google, OnePlus",7.99,401,4.5
product_310,"VAFOTON USB C Magnet Ladekabel 100W (2Pack, 1.8m+1m), 9Pins Schnellladung Magnetisches Ladekabel, USB C/A auf Typ C Magnetisches Datenkabel, 5A Ladekabel Magnetisch f√ºr Galaxy S23/Tablet/Laptop/MaBook",17.74,50,4.3
product_311,"Amazon Basics USB-C 2.0 auf USB-A-Kabel (USB-IF zertifiziert), 0.9 m, Schwarz",5.75,1681,4.5
product_312,"Amazon Basics USB Typ C auf A 2.0 Kabel, 0,9 Meter, Schwarz, kompatible mit Laptop",6.7,86563,4.6
product_313,"RAVIAD USB C Kabel, [2 St√ºck 1M] Ladekabel USB C Fast Charge Schnellladekabel Typ C Ladekabel f√ºr Samsung Galaxy S23 S22 S21 S10, Note 20 10, Huawei P50 P40 P30, Mate 30 20, Pixel 7 usw",5.03,6025,4.6
product_314,"Silkland USB C auf USB C Kabel Kurz 2St√ºck 25CM, 3A/20V 60W, PD 3.0 & QC 4.0+, Ladekabel f√ºr iPhone 15/15 Pro/Pro Max/Plus, Samsung S23/S23 Ultra/S22/S21, iPad Pro/Air 5/Mini 6, MacBook Air/Pro, Pixel",5.64,2326,4.7
product_315,"Basesailor USB C Ladekabel 2M 2St√ºck,Typ C Handy Schnellladekabel f√ºr Kindle Fire HD 10 9 8 10th 11 Gen,Samsung Galaxy Z Flip5 Fold5,A54 A53 A42 A34 S23 S22 S21 Plus Ultra,Tab S9 A8,iPhone 15 Pro Max",8.46,24027,4.6
product_316,"AVIWIS USB C Kabel [2St√ºck 3M] 3A Ladekabel USB C Nylon USB Typ C Kabel Schnellladekabel f√ºr Samsung Galaxy A21 A20 A12 A51 S21 S20 S10 S9 S8 Note 10 9, Huawei P40 P30 Mate 40, Redmi Note 10 9",6.36,3757,4.5
product_317,"USB Typ C Kabel, [2 St√ºck 0.9M 1.8M] Ladekabel USB C Schnellladekabel, Nylon USB C Datenkabel f√ºr Samsung Galaxy S23/S22/S21/S20/S10/Z Flip5/Z Flip4/Z Flip3/A14/A54/A53, Huawei, Xiaomi, Google Pixel",6.99,173,4.5
product_318,"USB C auf USB C 20 Gbps 100W, USB 3.2 Gen2x2, PD 5A Schnellladung, Unterst√ºtzt 5K 4K@60 Hz Videoausgabe F√ºr MacBook Air, F√ºr Notebooks, Samsung S22 S21, USB C Ger√§te(2m)",16.13,23,4.8
product_319,AZDelivery USB Kabel Typ USBC zu USB Schnellladekabel USB C 100W PD Schnellladekabel Kabel f√ºr Macbook Xiaomi Samsung Typ-C USB C Kabel 2M 5A mit eMarker Chip,10.07,3,4.7
product_320,130W USB-C AC Ladeger√§t passend f√ºr Dell Precision 5530 2in1 5550 5750 Dell XPS 15 2in1 9575 9500 17 9700 0M0H25 M0H25 0K00F5 K00F5 DA130PM170 HA130PM170 Netzteil Adapter Kabel,48.4,6,3.7
product_321,"VAFOTON 100W USB C Magnet Ladekabel (2Pack, 1.8m+1m), 9Pin Schnellladung Magnetisches Ladekabel, 6 in 1 USB C/A auf Typ C Magnetisches Datenkabel f√ºr Typ C/Micro USB/i-Produkte/MaBook/Laptop/Galax Tab",29.23,71,4.5
product_322,"30cm USB C auf USB C Kabel, 3-Pack 12 Zoll 20V 3A Typ C PD Schnellladekabel Kompatibel mit Samsung Galaxy S20/S9 Ultra Note 20, Pixel 4/3 XL",6.99,463,4.6
product_323,"RAVIAD USB C Kabel [2St√ºck 30CM], Ladekabel USB C Schnellladekabel Nylon Typ C Ladekabel f√ºr Samsung Galaxy S22 S21 S20 S10 S9 S8 A51 A50 A41 A21s A20, Note10 9, Huawei, Sony Xperia, OnePlus-Grau",5.49,4648,4.5
product_324,"SDBAUX ùôêùôéùòΩ ùòº auf USB C Kabel, [60W/1M] 3.0 Ladekabel USB A auf USB C Schnellladekabel, USB Kabel Typ C Samsung Ladekabel f√ºr iPhone15/15 Pro/15 Pro Max, Samsung Galaxy S22 /S21, iPad, Huawei",7.04,398,4.2
product_325,"RAVIAD USB C Kabel, [2 St√ºck 2M] Ladekabel USB C Nylon Schnellladekabel Typ C Ladekabel f√ºr Samsung Galaxy S23 S22 S21 S20, Note 20 10, A3 A5, Google Pixel, Mi9/8, LG G5 G6 V20, Huawei P60 P50- Gr√ºn",5.99,2432,4.5
product_326,"Amazon Basics USB-C 2.0 auf USB-C-Kabel (USB-IF zertifiziert), 0,91 m, Wei√ü",5.44,800,4.4
product_327,"USB C Kabel 3M lang rechtwinklig,USB A 2.0 auf Typ C Kabel,geflochtenes Nylon-Ladekabel,kompatibel mit Samsung Galaxy S21, 20,S10,S9,S8,LG,Moto,Pixel und mehr,USB C Mobiltelefon,Kamera",5.09,704,4.8
product_328,"USB C Kabel, Ladekabel USB C [2St√ºck 2M] USB Kabel Typ C Nylon USB Ladekabel samsung f√ºr Samsung Galaxy Z Flip, S22+, S21 Ultra, Huawei P50 Pro, Mate 40, Google Pixel 6, Xiaomi, OnePlus, Moto, Realme",5.09,6758,4.4
product_329,"USB C zu Multi USB Kabel, 6-in-1-Multi-USB-Ladekabel, 1,2 m geflochtenes 3-in-2-Ladekabel mit Typ C/IP/Micro-USB Kabel f√ºr phone,Huawei, Xiaomi, Samsung, Sony,Tablet",5.03,37,3.3
product_330,"NINGKPOW USB C Kabel Kurz 50CM, 3.1A Ladekabel USB C Schnellladekabel USB C Nylon Typ C Ladekabel f√ºr Samsung Galaxy S23 S22 S21 S20fe S10 S9 A53 A13 Note 20 10, Huawei P50 P40, Sony, Pixel 7 - Grau",3.99,1006,4.6
product_331,"ZKAPOR USB C auf USB C Kabel Kurz 30CM, USB-C Kabel 90 Grad Winkel 60W Schnellladekabel USB Typ C f√ºr iPhone 15/15 Pro Max, Samsung Galaxy S23 /S22, Pad Pro, Air, Huawei P40 /Mate 60, Pixel -Grau",3.99,763,4.6
product_332,"ZIIXII 100W USB C auf USB C Kabel, 1.5m USB C Kabel auf USB C Ladekabel Schnellladekabel Typ C Ladekabel, Nylongeflecht f√ºr Samsung Galaxy S22 Ultra S21 S20 Note Tablet Huawei",9.06,48,4.5
product_333,"CableCreation USB C auf USB A Kabel 1,5m,USB C auf USB 3.1 3.2 Gen2 10Gbps, USB A auf C Datenkabel Typ C Schnellladekabel 60W 20V/3A f√ºr USB C SSD MacBook Pro iPad S21,Pixel,Galaxy,Huawei,usw,5FT Grau",12.99,1512,4.5
product_334,"aceyoon USB C Verl√§ngerung 1m, USB3.2 Gen2/10Gpbs/100W USB C Kabel Verl√§ngerung unterst√ºtzt PD Schnellladung und 4K@60Hz Video Type C Stecker auf Buchse f√ºr PSVR2, MacBook Pro/Air, Tablet",8.98,356,4.5
product_335,"USB C zu Micro B3.0 Kabel 0.5M, USB Micro B auf USB C Festplatte Kabel 10Gbps Kompatibel mit wie MacBook Air/Pro WD Elemente, Seagate Erweiterung, Toshiba, Samsung M3, Galaxy S5, LaCie, Maxtor schwarz",6.99,124,4.6
product_336,"MAMBASNAKE C03 Coiled USB C Kabel f√ºr Gaming-Tastatur, Starlight Geflochtenes Tastaturkabel, Typ C bis USB A, Braided Cable USB C, Spiral Tastaturkabel Typ C, Abnehmbare Gold-Luftfahrtanschluss-Wei√ü",20.99,60,4.3
product_337,"LINKUP - USB 4.0 240W 40Gbps Typ-C Thunderbolt 3/4, 8K@60Hz Video, Robustes Geflochtenes Kabel - Kompatibel mit iPhone 15 Pro/Max MacBook Pro/Air iPad Pro Galaxy S23 Schnellladung (0.9m) Schwarz/Wei√ü",19.07,749,4.7
product_338,"30cm USB C Kabel Kurz [5St√ºck], USB A auf USB Typ C Ladekabel 3A Schnellladekabel und Datenkabel Kompatible f√ºr Samsung Galaxy S20 S21 A51 Note10, Huawei P30 P40 Mate 20, Xiaomi, Google Pixel 4A",7.43,2917,4.5
product_339,"Belkin USB-C-Kabel (Boost Charge USB-C-auf-USB-A-Kabel, USB-Typ-C-Kabel f√ºr Ger√§te wie Galaxy Note 20, S23, S23 +, S23 Ultra, Pixel 7, iPad Pro, iPad Mini, und Nintendo Switch), 1¬†m, 2er-Pack¬†‚Äì Wei√ü",23.1,40,4.6
product_340,"Hama Ladekabel USB C auf USB C, 1,5m (Schnellladung, Handy Ladekabel, Datenkabel, USB Kabel, Handykabel, Ladekabel USB Typ C, USB-C, vergoldete Stecker, maximal kompatibel) schwarz",12.1,1,5.0
product_341,AZDelivery 3 x USB Kabel Typ USBC zu USB Schnellladekabel USB C 100W PD Schnellladekabel Kabel f√ºr Macbook Xiaomi Samsung Typ-C USB C Kabel 2M 5A mit eMarker Chip,24.19,3,4.7
product_342,"enablink USB C Kabel mit LED Display 66W QC 4.0 6A USB C Schnellladekabel Nylon Typ C Ladekabel f√ºr Samsung Galaxy S21 S20 Note 20 Huawei P40/Mate 40/30/20 OnePlus Google Pixel Xiaomi,2 M",12.67,327,4.3
product_343,"JAMEGA ‚Äì 0,5m USB Typ C Kabel Gold | 3A Nylon geflochten USB C Ladekabel und Datenkabel Fast Charge Snyc schnellladekabel kompatibel mit Samsung Galaxy S10/S9/S8+, Sony Xperia XZ, Huawei P30/P20",6.95,21,4.3
product_344,"Volkswagen 5H0087703F Ladekabel beleuchtet LED Kabel Handykabel, USB-A auf USB-C/Micro-USB/Lightning",28.5,1,5.0
product_345,"GIANAC USB C Kabel Kurz 30CM, [90 Grad] Ladekabel USB C 3.1A schnellladekabel USB C und Datenkabel USB C f√ºr Samsung Galaxy S22 S21 S20 S10 S9 S8 Plus, Huawei P30/P20/P10, Google Pixel, Sony Xperia",3.49,198,4.6
product_346,"GIANAC USB C auf Lightning Kabel 1M,90 Grad iPhone Ladekabel Nylon USB C Lightning Kabel Fast iPhone USB C Kabel f√ºr iPhone 14,13,12,11,XS, XS Max,XR,X,8,8Plus,7,7Plus,6s,6s Plus,6,6 Plus,iPad",5.0,1690,4.3
product_347,Ranked Coiled Cable | Handgefertigtes Double-Sleeved Geflochtenes Kabel | USB Typ C auf A | 5-Pin Aviator-Anschluss f√ºr Custom Mechanical Gaming Keyboard | Unterst√ºtzt Schnellladung 20W (9009),30.24,64,4.6
product_348,"Cable Matters [USB-IF zertifiziert] 240W usb c ladekabel 2m schnellladekabel f√ºr MacBook Pro, Dell XPS (USB-C ladekabel, 140W USB C Kabel) mit Strom√ºbertragung 3.1 in Wei√ü (USB 2.0, No Video)",9.06,42,4.9
product_349,"AINOPE Micro USB 3.0 Festplatten Kabel 0.5m, [Neues Upgrade] USB Micro B auf USB C Kabel, Nylon Geflochtenes USB A/C Stecker zu Micro B Externe Festplatte Kabel f√ºr Seagate WD Toshiba, MacBook Air/Pro",9.99,658,4.6
product_350,"LDLrui USB C to USB C Monitor Cable 4K@60Hz, 10Gbps, 100W, 0.9m 2St√ºck, USB 3.1 Gen 2 C-C Display Cable with Super-Speed Data Transfer 20V/5A Type C Fast Charging for MacBook Pro, iPad Pro, Galaxy S21",12.99,435,4.4
product_351,"QIANRENON 10Gbps USB C Kurze Daten Cable 100 W USB C Kurzes Ladekabel USB3.1 Type C Stecker auf USB C Stecker kurzes Aufladen Daten√ºbertragung Kabel, f√ºr Powerbank MacBook Smartphone, 12.9cm/5,1in",12.1,97,3.9
product_352,"Samsung USB Type-C Kabel EP-DA70, Power bank, Tablets, Smartphones, Schwarz",4.9,4847,4.5
product_353,"USB C auf USB C Kabel 100W 20Gbps, Unterst√ºtzt USB 3.2 Gen2x2 USB 3.1 Datenkabel, PD 3.0 QC 4.0 Schnellladen, 4K@60Hz HDR Video√ºbertragung f√ºr Laptop, Handy, Tablet, SSD, Monitor, USB C Ger√§te (2M)",10.39,738,4.6
product_354,"BETMI USB C Ladeger√§t, Typ C Ladeger√§t GaN 68W, 2-Port schnelles kompaktes Wandladeger√§t mit USB A f√ºr MacBook Pro/Air, iPad Pro, Galaxy Phone, Android Phone, iOS Phone, Pixel, and More",24.19,139,4.4
product_355,"MEIRIYFA 40 Gbps USB C auf USB C Kabel Kurze, Typ C auf Typ C Kabel USB-C Stecker auf Stecker 100 W Schnellladekabel FPC Design f√ºr Laptop Handys Power Bank ‚Äì 13,8 cm (Male to Male)",14.8,21,4.2
product_356,"RAVIAD USB C auf USB C Kabel [2 St√ºck 1M], USB Typ C 60W 20V/3A PD Ladekabel USB C Schnellladekabel f√ºr Samsung Galaxy S22 / S21 / S20, Huawei P40 / P30, Google Pixel, OnePlus - Schwarz",5.59,1144,4.6
product_357,"ZHDZSW USB C Kurzes Kabel 0.2M, USB A zu USB C3.1Gen 2 Kabel 3.1A Schnelles Laden, 10GB Daten√ºbertragung Typ C Kabel geflochtenf√ºr Samsung T7, SanDisk Extreme Portable SSD, Crucial X8, WD, etc.",3.99,139,4.5
product_358,"Afterplug kurzes USB-C auf USB C Kabel [0.2 m 6 Zoll], 100 W 5 A PD schnelles Aufladen, 3.1 Gen 2 10 Gbps Daten f√ºr MacBook, iPad Pro, Surface, Chromebook, Samsung S20, externe SSD, Power Bank",22.24,499,4.5
product_359,"CABLETEX 240W USB C Ladekabel 2M | 48V/5A Power Delivery 3.1 | QuickCharge kompatibel | Schnellladekabel f√ºr Docking Stations, MacBook Pro, MacBook Air, MateBook Spectre X360, XPS 13",22.18,28,4.7
product_360,"Cable Matters Micro USB auf USB C Kabel 0,3m (USB C auf Micro USB Kabel, USB C Micro USB Kabel) mit geflochtener Jacket in Schwarz - 0,3 Meter",6.04,9094,4.6
product_361,"2er-Pack 25W USB C Ladeger√§t, Schnellladeger√§t, PD 3.0 Ladestecker mit 2er-Pack 1,5m USB C Kabel f√ºr Samsung Galaxy S22, S21, S21+, S21 Ultra, S20, S10, Z Flip 3, Z Fold 3, A53 5G, A71, Note 20/10/9/8",18.52,463,4.1
product_362,"Hama Ladekabel USB C auf USB C, 3m (Schnellladung, Handy Ladekabel, Datenkabel, USB Kabel, Handykabel, Ladekabel USB Typ C, USB-C, maximal kompatibel) schwarz",16.69,1,3.0
product_363,"ZIIXII USB Typ C Kabel, [4Pack 0.5M 1M 2M 3M] Nylon Typ C Ladekabel und Datenkabel USB C Schnellladekabel f√ºr Samsung Galaxy S23/S22/S10/S9/S8+, Huawei P30/P20, Google Pixel, Sony Xperia XZ, OnePlus",8.05,16,4.5
product_364,"CableCreation USB C Festplattenkabel, 5Gbps USB A/C auf Micro B Kabel, USB 3.0 Kabel kompatibel mit WD, Externe Festplatten und Kameras (0.3m)",13.1,5,4.7
product_365,"USB C Kabel 10Gbps [1M] USB C 3.1 Gen 2 USB-A auf USB C Kabel, 3A QC 3.0 USB 3 Typ C Schnellladekabel, Datenkabel f√ºr iPhone 15 Pro Max Android Auto Samsung Galaxy S22 S21 S20, iPad Pro 2022",9.06,19,4.2
product_366,Belker USB C Kabel Kurz 20cm/0.2M 1Pack 10Gbps USB3.1 Gen2 Datenkabel Typ C Android Auto QC3.0 3.1A USB A auf C f√ºr Samsung Note20 Galaxy S23/S22/S21 Z Flip 5 Tab 9 Pixel 8 Pro OnePlus 11 Schwarz,7.99,6593,4.6
product_367,"USB C auf USB C Ladekabel 3M, 60WType C Ladekabel f√ºr iPhone15/MacBook Air/Pro, iPad Mini 6/Pro 2022/Air 5, Samsung Galaxy S21/S21+/S20+ Ultra Note 20, Pixel 4/3 XL laden Wei√ü",6.39,316,4.5
product_368,"ANKER USB C auf Lightning Kabel, 310 USB-C auf Lightning Ladekabel (90cm), MFi zertifiziert, Schnellladekabel f√ºr iPhone 14 Plus 14 14 Pro Max 13 13 Pro 12 11 X XS XR (Ladeger√§t nicht enthalten)",9.06,2621,4.6
product_369,"Zertifiziert 240W USB C auf USB C Kabel, Flexibel 20Gbps USB 3.2 Gen2x2 Datenkabel, PD 3.1 140W Ladekabel, 5K 4K@60Hz/144Hz HDR Videokabel f√ºr iPhone 15, MacBook iPad Galaxy S23/S22, OTG, Monitor (1m)",14.99,175,4.5
product_370,"SUNGUY USB C auf Micro USB Kabel, 1.5M OTG USB Verbindungskabel, L√§dt Micro USB Ger√§te, TypC zu Micro B Ladekabel und Datenkabel f√ºr MacBook Pro&Android Ger√§te-Grau",6.99,350,4.4
product_371,"ANMIEL USB C Druckerkabel 3M,USB B zu USB C Druckerkabel f√ºr MacBook Pro/Air,USB C MIDI Kabel Kompatibel mit HP,Canon,Epson,Brother,Yamaha Piano MIDI Keyboard,DAC,DJ Controller f√ºr iPad Pro",8.05,19,4.8
product_372,"AGFINEST USB4 Kabel mit 90 Grad Thunderbolt 4 Winkel Kabel, [40Gbps & PD 100W 5A] 8K@60Hz oder Dual 4K Video Display, Kompatibel mit Typ-C Laptops, Hub, Docking-Station (1M, Rechtwinkliger Winkel)",19.99,7,5.0
product_373,"Native Union Type-C Belt Kabel Pro - 240 W USB-C auf USB-C 2.4m Ultrastarkes Ladekabel kompatibel mit iPhone 15, 15 Pro Max, MacBook Pro 14""/16"" M2, Air 15"" M2, iPad Pro (Kraft)",29.99,627,4.3
product_374,"UGREEN 100W USB C auf USB C Kabel 5A/20V USB C Ladekabel PD 3.0 PPS kompatibel mit iPhone 15 Pro Max, M2 MacBook Pro/Air, iPad Pro 12.9 2021, Galaxy S23 Ultra S22+ A54 Tab S8 Steam Deck usw. (3M)",12.85,1290,4.7
product_375,"Basesailor Winkel USB C auf Lightning Ladekabel 3M mit USB A Adapter,Apple MFI Zertifiziert Lang Kable,Typ C Netzteil PD Schnellladekabel f√ºr iPhone 11 12 13 Mini Pro Max SE 14,Airpods 3,iPad 8 9 Gen",16.99,734,4.4
product_376,"USB C Kabel auf USB 3.0 Typ A Set [2 St√ºck] 1M Ladekabel Nylon Textilkabel Datenkabel f√ºr USB 3.1 Computer und Smartphones wie Galaxy S8, S8+, OnePlus 3, HTC 10, MacBook Pro und viele mehr - SCHWARZ",15.12,14,4.8
product_377,"AviBrex USB C Kabel 3.0A Schnellladung [2St√ºck 2m], Ladekabel USB C 90 Grad Winkel Type C Kabel Spiralkabel,Elastisches PVC f√ºr Samsung Galaxy S23 S22 S21 S20 S10 S9 S8 Plus,Note10/9/8,A71 A52 A51",14.99,241,4.6
product_378,Beyerdynamic PRO X USB-C - USB-C - Mini XLR Cable 1.6 m,87.0,14,4.3
product_379,"Baiwwa USB C Kabel Kurz [30cm / 2St√ºck], 0.3m Nylon USB A auf USB Typ C 3A Ladekabel Schnellladekabel f√ºr Samsung Galaxy S10 S20 S9 S8 S22 S21 Plus, A50 A51 A70 A71 A20e, Note 10 9 8, M31 M30s M20,usw",7.04,268,4.5
product_380,"USB C Kabel auf USB 3.0 Typ A Set [2St√ºck] 1,5 Meter Ladekabel Nylon Textilkabel Datenkabel f√ºr USB 3.1 Computer und Smartphones Galaxy S8, S8+, OnePlus 3, HTC 10, MacBook Pro und viele mehr - SCHWARZ",19.15,20,4.3
product_381,"30W USB C Ladeger√§t mit 2M Kabel,GaN PD 3.0 Schnellladeger√§t Kompatibel mit Google Pixel 8/8 Pro/7/7 Pro/6/6 Pro/6A, iPhone 15/Plus/Pro/Max and More",14.51,287,4.4
product_382,"BIBTIM USB C auf USB C Kabel 1M 2M 3M,60W USB 2.0 Typ C Ladekabel Kompatibel mit MacBook iPad Air 5 Pro 2021 Galaxy S22 S21 Ultra S20 FE S10 A12 Mi 11 Note 1 0 Pixel 39.5 EU - 25cm",3.01,23,4.1
product_383,"MaGeek¬Æ [5 St√ºcke, 0,3 Meter Kurzes USB Typ C auf USB Typ C 2.0 Kabel f√ºr Samsung Galaxy S8, S8 +, Nexus 6P, LG G6, neues MacBook, Google Pixel XL, OnePlus und mehr [Schwarz]",11.09,189,4.3
product_384,"Multi USB Kabel, 3 in 1 Multi Ladekabel 90 Grad Schnellladekabel 3m Ladekabel mit iPhone/Micro/USB Type C Nylon Multi Ladekabel f√ºr iPhone, Samsung, Huawei, Xiaomi, Laptop Tablet",15.0,37,3.8
product_385,"ESSAGER USB Typ C auf USB Typ C Kabel [2-St√ºck/1M+2M] 100W/5A QC 4.0 Schnellladekabel Transparente Adapter Fast Ladekabel f√ºr MacBook Pro 2021,Galaxy S22/21/20, Huawei uswÔºàBlauÔºâ",6.04,55,4.3
product_386,UGREEN USB C Ladekabel Winkel USB C Kabel 90 Grad Winkel Nylon USB auf USB C Kabel gewinkelt kompatibel mit Galaxy S23/S22/S21/A73/A53 Huawei P30 Lite Redmi 10 iPhone 15/15 Pro/15 Pro Max(1M),7.27,18655,4.6
product_387,"Cable Matters Kombi-Pack 40 Gbps USB C winkelstecker 90 Grad Adapter Kit mit 240W PD (USB C 90 Grad Adapter) in Schwarz ‚Äì kompatibel mit Ports Thunderbolt 4, USB4 und Thunderbolt 3",10.07,56,4.7
product_388,"FIBBR Glasfaser USB A auf USB C Kabel 10M, 10Gbps Datenfern√ºbertragung USB 3.2 AOC f√ºr VR/AR, Webcam, Kamera, Laptop, Mini-PC, Drucker und Mehr",98.49,7,4.8
product_389,"60W USB C Multi Schnellladekabel f√ºr Apple Watch iPhone, 5.0ft 3in2 USB C/A Schnell Ladeger√§t Kompatibel mit allen iWatch iPhone MacBook iPad Google Dell Galaxy und anderen Typ-C Ger√§ten",17.11,36,4.8
product_390,"Kuulaa USB C Magnetic Charging Cable, 360¬∞ & 180¬∞ Fast Charge Magnetic Charging Cable, 6 in 1 USB C/A to Type C Magnetic Cable for Type C/Micro USB/i-Products/Galaxy S22/S23/S23 Ultra/MacBook (2M)",8.99,1182,4.0
product_391,"fairikabe HDMI auf USB C Kabel 4K @ 60Hz, HDMI auf USB Typ C Adapterkabel 2,0m mit USB Stromkabel, kompatibel f√ºr MacBook Pro, Nreal Air, iMac, XPS, Touchable Portable Monitor",28.24,30,4.3
product_392,"GELRHONR USB C Splitter Cable,USB A Male to 3 Type-C Male Charge Cable,3 in 1 Nylon Braided Charging Cord with 3x 1.2m Cable, 5A Fast Charge,Compatible with Mobile/Android and More (1.2M)",10.46,22,4.1
product_393,"USB C Kabel f√ºr OnePlus 11 10T 5G, 125W SUPERVOOC Schnellladung USB C Kabel USB C auf USB C 2M, Super Flash Kabel Typ C f√ºr OnePlus Nord 3 2 2T Nord CE 3 Lite 10 Pro Pad OPPO Find Realme, 2 St√ºck",12.9,7,4.4
product_394,"Tether Tools TetherPro USB-C auf USB-C rechtwinkliges Kabel | f√ºr Stromlieferung, schnelle √úbertragung und Verbindung zwischen Kamera und Computer | hohe Sichtbarkeit orange | 15 Fu√ü (4,6 m)",74.96,75,4.6
product_395,"USB C Kabel, Ladekabel USB C [2St√ºck 2M] USB Kabel Typ C Nylon USB Ladekabel samsung f√ºr Samsung Galaxy Z Flip, S22+, S21 Ultra, Huawei P50 Pro, Mate 40, Google Pixel 6, Xiaomi, OnePlus, Moto, Realme",5.09,6758,4.4
product_396,"Spiralkabel Multi Ladekabel, 5 in 1 USB A & USB C auf Lightning + USB C + Micro USB Schnellladung Kabel, Lightning mit Daten und Apple CarPlay, f√ºr iPhone 15 14 Serie & Android Handy Black Multi Port",14.99,209,4.2
product_397,"IVANKY USB C Verl√§ngerungskabel, USB Typ C Stecker auf Buchse Schnellladekabel, 10Gbps USB 3.1 Gen2 Datenkabel, Kompatibel mit Switch, MacBook - 2M",13.1,2129,4.5
product_398,"Zertifiziert USB4 Kabel mit Thunderbolt 4 Kabel, Unterst√ºtzt 40Gbps USB C Datenkabel, PD 3.1 240W 140W Ladekabel, 8K 60Hz 4K 120Hz HDR Video f√ºr Dockingstation, SSD, Laptop, Monitor, Hub (1,2M)",14.39,144,4.6
product_399,"KabelDirekt ‚Äì gewinkeltes USB C Kabel All-in-One, USB 3.2 Gen 2x2 ‚Äì 2 m (√ºbertr√§gt Daten/Video mit 20Gbit/s, l√§dt mit 240W dank PD3.1, funktioniert als Datenkabel/Ladekabel/Monitorkabel, Schwarz)",12.79,3,4.3
product_400,"Amazon Basics ‚Äì Hochwertiges Adapterkabel USB-C auf HDMI, Aluminium, Thunderbolt-3-kompatibel, 4K bei 60 Hz, 1.8 metres",14.22,2531,4.4
product_401,"JSAUX USB C auf USB C Kabel 100W 3M, USB-C Ladekabel PD 5A Typ-C Schnellladekabel kompatibel mit iPhone 15/15 Pro/15 Pro Max, MacBook Pro Air, iPad Pro/Air, Samsung Galaxy S23 S22 S21, Switch, Grau",7.64,318,4.5
product_402,"JAMEGA ‚Äì 2m USB Typ C Kabel Gold | 3A Nylon geflochten USB C Ladekabel und Datenkabel Fast Charge Snyc schnellladekabel kompatibel mit Samsung Galaxy S10/S9/S8+, Sony Xperia XZ, Huawei P30/P20",8.26,26,4.1
product_403,"USB C Kabel 120W 6A [2St√ºck 2m],Typ C Ladekabel f√ºr Xiaomi 13T Pro,USB Typ C Schnellladekabel 65W 6A Fast Charge Datenkabel LadeKabel f√ºr Mi 11 Ultra 12S Ultra 11T Redmi Note 11 11s 12 Pro Poco X5 Pro",12.99,603,4.7
product_404,"ZHDZSW Extra Langes USB C Ladekabel 5M,PS5 Controller Kabel,USB Typ C Ladekabel geflochten f√ºr Samsung Galaxy S10/S9/S8 Plus,Note 10 9 8,LG V30 V20 G6 G5,Moto,LG,HUWEI,PS5 etc",6.79,282,4.5
product_405,UGREEN USB C Kabel Winkel USB C Ladekabel 90 Grad Winkel USB Typ C Kabel Schnellladekabel kompatibel mit Galaxy S22 S21 S20 S10 S9 A53 A32 S6 Lite P30 Lite Redmi 10 iPhone 15 15 Pro 15 Pro Max(0.5m),7.7,16820,4.6
product_406,"deleyCON 0,5m USB-C Kabel - Ladekabel Datenkabel mit Nylon + Metallstecker - USB C auf USB A - Kompatibel mit S20 S10 S9 S8 Serie Note 8 Note 9 Chromebook uvw. Modelle mit C-Buchse - Schwarz",7.96,2063,4.5
product_407,"MZHOU USB C Kabel 100W, 2m USB C auf USB C Kabel, TPE-Material schnelle √úbertragung Ladekabel USB C geeignet f√ºr USB-C-Anschluss f√ºr Handys, Kopfh√∂rer, Typ-C-Ger√§ten usw.",8.96,120,4.2
product_408,"Fannoday USB C Kabel 0.5M, Winkel Android Auto USB C Kabel USB C 3.1 Gen 2 Kabel Nylon geflochtene 3A Schnellladung & 10Gbps Daten Sync Typ C Kabel kompatibel mit Galaxy S23, Pixel, Huawei, SSD",6.44,37,4.8
product_409,"Multi USB Kabel, USB C auf USB C Kabel Nylon Mehrfach Universal ladekabel USB A/USB C auf Lightning/Mikro USB/Typ C 60W PD 3.0 3A Schnellladekabel f√ºr iPhone Laptop Tablet Samsung Galaxy Huawei",10.79,779,4.2
product_410,"USB C zu Multi USB Kabel, 6-in-1-Multi-USB-Ladekabel, 1,2 m geflochtenes 3-in-2-Ladekabel mit Typ C/IP/Micro-USB Kabel f√ºr phone,Huawei, Xiaomi, Samsung, Sony,Tablet",5.03,37,3.3
product_411,"Itramax Winkel USB C Verl√§ngerungskabel 2M Kurz,90 Grad Typ C 3.1 Gen2 10Gbps Buchse auf Stecker Adapter,Thunderbolt 3 Extension Kabel f√ºr iPhone 15 14 Pro Max,iPad 10 Air 4 5 Mini 6,Samsung S23 A54",13.1,497,4.5
product_412,"JAMEGA ‚Äì 3m USB Typ C Kabel Blau | 3A Nylon geflochten USB C Ladekabel und Datenkabel Fast Charge Snyc schnellladekabel kompatibel mit Samsung Galaxy S10/S9/S8+, Sony Xperia XZ, Huawei P30/P20",8.05,23,4.1
product_413,"UGREEN USB C Ladekabel, Nylon geflochtenes USB auf USB C Kabel kompatibel mit Galaxy S23 S22 S21 S20 A73 A72 A53 Huawei P30 Lite Redmi 10 Note 9 iPhone 15 Pro 15 Pro Max(0.5M)",6.74,18383,4.6
product_414,"ZIIXII USB C Magnet Ladekabel [2St√ºck 1m], 18W/3A QC Magnetisches USB Typ C Schnellladung Daten√ºbertragung Nylon Kabel f√ºr iPhone 15 Pro Max, Samsung Galaxy, Huawei P30/Mate 20, Sony, LG, OnePlus",11.09,116,4.1
product_415,"LISEN 240W USB C auf USB C Kabel, 3 St√ºck [1M+2M+2M] Schnellladekabel USB C Ladekabel, Nylon-Geflecht Ladekabel USB-C f√ºr iPhone15/pro, iPad Air/Pro/Mini, MacBook Pro/Air, Samsung Galaxy, Laptops",16.13,117,4.7
product_416,"KabelDirekt ‚Äì flexibles USB C Kabel zum Schnellladen, USB 2.0 ‚Äì 1 m (l√§dt Handys/Laptops mit 100W dank Power Delivery 3, ist h√∂chst biegsam und robust, funktioniert als Ladekabel/Datenkabel, Schwarz)",8.05,300,4.3
product_417,"USB C Kabel RAMPOW, iPhone 15 ladekabel, 3A Schnellladekabel USB C USB 3.0 & QC 3.0, Ladekabel USB C, Datenkabel USB-C f√ºr iPhone 15/15 Pro, Samsung Galaxy S22/S21/S20/Note10-1M/Grau, Nylon",5.09,29939,4.6
product_418,"LISEN USB C auf USB C Kabel [4er Pack, 0,5M 1M 1M 2M], 60W PD 3.0 Schnellladekabel USB C Kabel, Ladekabel USB C f√ºr iPhone 15 Pro Max Plus, Samsung Galaxy S23, iPad, Tab, Mi, Xiaomi, Huawei, OnePlus",10.07,436,4.5
product_419,"KabelDirekt ‚Äì 8K USB C Kabel All-in-One, USB 4, offiziell USB-zertifiziert ‚Äì 1 m (√ºbertr√§gt Daten und Video mit 40Gbit/s, l√§dt mit 100W, funktioniert als Datenkabel/Ladekabel/Monitorkabel, Schwarz)",26.21,186,4.5
product_420,"KabelDirekt ‚Äì 4K USB C Kabel All-in-One, USB 3.2 Gen 2 ‚Äì 2 m (√ºbertr√§gt Daten und Video mit 10Gbit/s, l√§dt mit 100W dank PD3, funktioniert universell als Datenkabel/Ladekabel/Monitorkabel, Schwarz)",15.12,442,4.6
product_421,"KabelDirekt ‚Äì flexibles USB C Kabel zum Schnellladen, USB 2.0 ‚Äì 1 m (l√§dt Handys/Laptops mit 100W dank Power Delivery 3, ist h√∂chst biegsam und robust, funktioniert als Ladekabel/Datenkabel, Wei√ü)",8.05,300,4.3
product_422,"huaham USB C bis USB C -Kabel [3pack, 1m 1,8 m und 3M] 3.1A -Ladeger√§t Cable Fast Ladekabel Rechtwinkel, langlebiger Nylon geflochtenes USB -C -Ladungskabel, das mit Galaxy LG kompatibel ist",8.05,140,4.3
product_423,"ORICO USB C auf Lightning Kabel, LED Display Schnelles Laden, Hochgeschwindigkeits-Daten√ºbertragungskabel Kompatibel mit iPhone 13 12 11 Pro Max XS XR X 8 7 Plus AirPods Pro und mehr (0.5m)",17.14,333,4.1
product_424,"Duttek Angle Typ C fast charging Cable 2M, 240w USB C Charger Cable, PD3.1 abw√§rtskompatibel mit 140W 100W Schnellladung f√ºr MacBook Pro/Air, iPad Pro/Air, Samsung S23/22/21, Pixel, Switch",13.09,13,3.8
product_425,"1er-Pack 3 m Multi-Schnell-Ladekabel, mehrere Ladekabel, Nylon geflochten, 3-in-1 USB-Ladekabel mit Handy/Typ/C/Micro-USB-Anschluss f√ºr Handy/Galaxy S10/S9/S8/S7/Huawei/LG/Pixel und mehr grau (Gray)",11.09,243,4.1
product_426,"CableCreation USB C Festplattenkabel, 5Gbps USB A/C auf Micro B Kabel, USB 3.0 Kabel kompatibel mit WD, Externe Festplatten und Kameras (0.3m)",13.1,5,4.7
product_427,"huaham USB A bis USB C -Kabel [3pack, 1m 1,8 m und 3M] 3.1A -Ladeger√§t Cable Fast Ladekabel Rechtwinkel, langlebiger Nylon geflochtenes USB -C -Ladungskabel, das mit Galaxy LG kompatibel ist",7.7,140,4.3
product_428,"Duttek USB C right angle fast charging Cable 2M, 240w Type C Charger, PD3.1 abw√§rtskompatibel mit 140W 100W Schnellladung f√ºr MacBook Pro/Air, iPad Pro/Air, Samsung S23/22/21, Pixel, Switch",13.62,13,3.8
product_429,"ConnBull Thunderbolt 4 Kabel 1m, USB C Thunderbolt Kabel √úbertragungsrate 40Gbps/ 8K@60Hz Display/ 100W Ladung f√ºr iPhone 15 Pro/Max Macbook Air/Pro M1 M2, Mac Studio, Studio Display usw",20.16,78,4.7
product_430,IVIVTOR USB C Magnetic AdapterÔºå24-Pin 40gb/S Data Transfer and 8k@60hz Video Output C Magnetic Adapter with 100w Fast Charging Support for MacBook Pro and USB C Devices(1 Pack),8.05,46,3.7
product_431,"CableCreation USB C Festplattenkabel, 5Gbps USB A/C auf Micro B Kabel, USB 3.0 Kabel kompatibel mit WD, Externe Festplatten und Kameras (1.2m)",18.14,5,4.7
product_432,"BLACKSYNCZE USB C Kabel 3.1A Schnellladung, [3 St√ºck 1M+1M+2M] Ladekabel USB C 90 Grad Winkel Nylon Geflochtenes USB Typ C Kabel f√ºr Samsung S23 S22 S21 S20fe S10 S9 S8, Huawei P40 P30, Pixel 7, Grau",7.04,652,4.6
product_433,"Duttek Angle USB C fast charging Cable 1M, 240w Charger Cord Type C, PD3.1 abw√§rtskompatibel mit 140W 100W Schnellladung f√ºr MacBook Pro/Air, iPad Pro/Air, Samsung S23/22/21, Pixel, Switch",9.08,13,3.8
product_434,"CAFELE 3 in 1 Einziehbares Ladekabel[100W/1,2M], PD QC 4,0 5A Schnellladekabel&Daten(Typ C) USB C Multi Ladekabel,TypC/Phone/Micro Multi USB C Kabel f√ºr ChroBook,Samsung Galaxy S23,Huawei,Pd Air2020",18.47,1361,3.7
product_435,"WLGQ Geek USB-C-Schnittstellenkabel, industrieller Stil, USB 2.0 auf Typ C, Fl√ºssigsilikon, Schnellladekabel, USB-C-Schnittstelle, universal, Orange, 2 m",23.2,429,4.3
product_436,"65W USB C Netzteil Laptop Ladekabel,f√ºr Huawei Matebook X Pro, MacBook Pro/Air,Lenovo thinkpad X1,Dell XPS,HP Chromebook, ASUS Chromebook,Samsung Galaxy, Type C Netzteil 65W",15.12,2,4.5
product_437,"USB C auf Typ C 100W Rechter Winkel Kabel 3M mit USB A Adapter,90 Grad Schnellladekabel PD Ladekabel f√ºr MacBook Mac Air 4 5 6,iPad Pro,Samsung Galaxy S23 Plus Ultra A54 M33 Tab S9 S8 A8,iPhone 15 Max",8.46,586,4.5
product_438,"Zertifiziert 240W USB4 Kabel und Thunderbolt 4 Kabel 0,5M, 40Gbps USB C Datenkabel, PD 3.1 140W 240W Ladekabel, 8K60Hz 4K144Hz HDR Video USB C Kabel f√ºr MacBook M1 M2, Mac mini, SSD, Docking Station",20.16,33,4.6
product_439,"CAFELE 3 in 1 Einziehbares Ladekabel[ùüÆùü¨-ùü≠ùüÆùü¨ùêÇùêå],5V/3A Sichere Schnell Aufrollbare Multi USB Kabel,Universal, Mehrfach Mit Typ C/MicroUSB/Phone f√ºr 14 13 Samsung Galaxy Huawei X1a0mi",11.21,1717,4.2
product_440,"Basesailor USB C Ladekabel 2M 2St√ºck,Nylon Typ C Datenkabel f√ºr New Kindle Paperwhite 11,iPad 10 11 Mini,iPhone 15 Pro Max,Moto G50 G30 G7 G9 Plus 5G,Samsung Galaxy S23,A32,A42,A53,A54,Car Auto Play",10.07,24027,4.6
product_441,"BolAAzuL Thunderbolt 3 USB C Kabel 70CM, 4K@60Hz USB-C auf USB-C 40 Gbps 100W Ladekabel kompatibel mit Dell, Leptops, iPad Pro 2020, Pixel, Hub Docking und Mehr",20.16,11,4.4
product_442,"Ocetea 60W USB C auf USB C Kabel [2St√ºck 1M], USB Typ C PD Ladekabel 20V/3A USB C Schnellladekabel Kompatibel mit iPhone 15/15 Pro/15 Pro Max, MacBook Pro Air, iPad Pro Air, Galaxy S23 S22, Pixel",6.04,393,4.8
product_443,"BLACKSYNCZE USB C Kabel 3.1A [3St√ºck 2M] Schnellladung, USB Typ C Ladekabel Nylon Geflochten USB C Schnellladekabel f√ºr Samsung Galaxy S23 S22 S20fe S10, Note 20 10 9 8, Huawei P40 P30, Mate 30 20",6.44,1312,4.5
product_444,"Duttek Typ C zu Typ C fast charging Cable 2M, 240w USB C zu C Kabel, PD3.1 abw√§rtskompatibel mit 140W 100W Fast Charging f√ºr MacBook Pro/Air, iPad Pro/Air, Samsung S23/22/21, Pixel, Switch",12.89,13,3.8
product_445,"Multi USB Ladekabel 3A, 1m 2St√ºck 3-in-1 Schnellladekabel mit Lightning/Typ-C/Micro-USB Anschluss f√ºr iPhone/Samsung Galaxy S21/S20/S10/S9/S8/Huawei/Google/LG/HTC",13.1,1441,4.4
product_446,"CableCreation USB C auf USB C Kabel 50cm, USB 3.2 Gen2 10Gbps, Unterst√ºtzung 4K Video Output, 100W USB C Ladekabel f√ºr Android Auto USB C Externe SSD MacBook iPad, Galaxy S23, etc,0,5m/1.6ft",16.13,43,4.6
product_447,"USB C Kabel 2M, 240W USB 3.2 Gen 20Gbps Daten√ºbertragung PD Schnelles Laden Typ-C Kabel,4K Video Monitor Kabel Kompatibel mit iPhone 15 Pro Max, MacBook Pro, Galaxy S23/S22,HUAWEI Tablet Laptop",11.09,2,5.0
product_448,"JAMEGA ‚Äì 1m USB Typ C Kabel Gr√ºn | 3A Nylon geflochten USB C Ladekabel und Datenkabel Fast Charge Snyc schnellladekabel kompatibel mit Samsung Galaxy S10/S9/S8+, Sony Xperia XZ, Huawei P30/P20",7.86,27,4.0
product_449,"Duttek USB C zu USB C fast charging Cable 1M, 240w USB C Ladekabel, PD3.1 abw√§rtskompatibel mit 140W 100W Fast Charging f√ºr MacBook Pro/Air, iPad Pro/Air, Samsung S23/22/21, Pixel, Switch",9.42,13,3.8
product_450,"HOTNOW USB C auf Micro USB Kabel 0.5m 2 St√ºcke, USB Typ C auf Micro USB Kabel Schnellladung und Datensynchronisierung",5.64,91,4.6
product_451,"Cable Matters 40Gbps Active USB4 kabel 3 m, mit 8K Video & 100 W Ladeleistung, Kompatibel mit Thunderbolt 4/3, USB-C f√ºr VR Headset, Dockingstationen, MacBook, DELL XPS, Surface Pro und mehr",70.58,37,4.2
product_452,"Basesailor Micro USB Kabel 6M 2-St√ºck,Lang 20 FT Flach Ladekabel Power Stromkabel f√ºr Neos Smartcam,Yi Cam,Nest Cam,Blink XT XT2 Indoor Outdoor 3rd Gen Camera,Arlo Q,Wyze,Netvue,Xbox One Wyze 5 7",16.13,751,4.6
product_453,"SUNGUY USB C 3.1 Gen 2 auf USB-Kabel, 1.5m USB A auf C 3A Schnellladung & 10Gbps Daten√ºbertragung Android Auto Nylon geflochtenes Typ C Kabel kompatibel mit Galaxy S21 S20 S10E Note 20, Pixel",8.56,1751,4.5
product_454,"JAMEGA ‚Äì 1m USB Typ C Kabel Gold | 3A Nylon geflochten USB C Ladekabel und Datenkabel Fast Charge Snyc schnellladekabel kompatibel mit Samsung Galaxy S10/S9/S8+, Sony Xperia XZ, Huawei P30/P20",7.04,18,4.0
product_455,"USB C auf HDMI Kabel 8K@60Hz, Type C zu HDMI 2.1 Kabel Thunderbolt 4/3, USB 4 Kompatibel, USB C 3.1 to HDMI Cable f√ºr MacBook Pro/Air, iMac, iPad Pro, Galaxy S20 S10, Surface, Dell, HP, 1M",20.16,1216,4.2
product_456,"YGJ 140W USB-C to Magnetic 3 Cable, Compatible with MacBook Air (M2, 2022), MacBook Air (15in, M2, 2023), MacBook Pro (14in, 2021) (14in, M2, 2023) (16in, 2021) (16in, M2, 2023), (6.6ft)(White)",26.21,27,3.1
product_457,"ODDADD USB C Magnet Ladekabel 2 St√ºck [2M+2M], 360¬∞ & 180¬∞, 9Pin PD 60W Ladekabel Magnetisch Schnellladung, USB C/A auf Typ C Daten√ºbertragung Magnetkabel f√ºr Samsung Galaxy/Ma.Book/Phone 15 Pro",16.13,50,4.1
product_458,"SUNGUY USB C auf USB C Kabel 100W 0,3M USB C Ladekabel PD schnelles Aufladen 20Gbit/s Daten√ºbertragung, kompatibel mit iPhone 15/15 Pro/15 Pro Max, MacBook Pro Air, Galaxy S23/S22/21",11.59,84,4.5
product_459,"SUNGUY USB Typ C auf USB 3.1 Gen 2 Kabel 30cm, 10 Gbps Datenkabel und 3A Ladekabel Kompatibel mit Samsung Galaxy S21, SSD, Android Auto-Grau",6.28,1746,4.6
product_460,"ZKAPOR USB C Kabel [2St√ºck 2M], Ladekabel USB C Schnellladekabel Nylon USB Kabel Typ C Kompatibel Mit iPhone 15/15 Pro Max, Samsung Galaxy S23/S22/S21/S10, Note 10, Huawei P40/P30, Google Pixel ‚ÄìGrau",6.04,3727,4.6
product_461,"VAFOTON USB C Magnet Ladekabel 100W (2Pack, 1.8m+1m), 9Pins Schnellladung Magnetisches Ladekabel, USB C/A auf Typ C Magnetisches Datenkabel, 5A Ladekabel Magnetisch f√ºr Galaxy S23/Tablet/Laptop/MaBook",17.74,50,4.3
product_462,"YGJ 140W USB-C to Magnetic 3 Cable, Compatible with MacBook Air (M2, 2022), MacBook Air (15in, M2, 2023), MacBook Pro (14in, 2021) (14in, M2, 2023) (16in, 2021) (16in, M2, 2023), (6.6ft) (Black)",26.21,27,3.1
product_463,NFHK USB-A Typ A zu USB-C Fl√ºssigkeit Silikon Ultra Soft 120W Leistung USB2.0 Daten Orange Kabel Schnellladung f√ºr Laptop Tablet Phone 100CM,13.1,2,2.5
product_464,"MTAKYI USB-C-Zu-IOS-Telefon Kabel, Drohnen-Adapter Kabel, 15-cm-Fernbedienungs Kabel f√ºr Lightning Auf Typ-C, Rechter Winkel f√ºr DJI Mavic Air 2-Fernbedienung und iPhone-Ger√§t.",13.99,143,4.1
product_465,"Baseus USB C Ladeger√§t 100W, 4 Ports PD PPS Netzteil Schnellladeger√§t mit GaN, Ladeadapter f√ºr MacBook Pro/Air, iPhone 15/14/13/12, iPad Pro, Galaxy S23, Laptop, SteamDeck, usw. 2*USB-C + 2*USB-A",47.39,1588,4.5
product_466,"45W USB C Ladeger√§t f√ºr Steam Deck, JSAUX 3M Kabel Typ-C PD3.0 Schnellladeger√§t Laptop Ladeger√§t Kompatibel mit Steam Deck, Switch, MacBook Pro/Air, Dell XPS, ThinkPad, iPad Pro/Air, Pixel, Galaxy",19.7,15,4.5
